State,Date,Vehicle Category,Registrations
KA,2015-01-01,FOUR WHEELER (Invalid Carriage),0
KA,2015-01-01,HEAVY GOODS VEHICLE,0
KA,2015-01-01,HEAVY MOTOR VEHICLE,0
KA,2015-01-01,HEAVY PASSENGER VEHICLE,0
KA,2015-01-01,LIGHT GOODS VEHICLE,0
KA,2015-01-01,LIGHT MOTOR VEHICLE,28
KA,2015-01-01,LIGHT PASSENGER VEHICLE,0
KA,2015-01-01,MEDIUM GOODS VEHICLE,0
KA,2015-01-01,MEDIUM MOTOR VEHICLE,0
KA,2015-01-01,MEDIUM PASSENGER VEHICLE,0
KA,2015-01-01,OTHER THAN MENTIONED ABOVE,0
KA,2015-01-01,THREE WHEELER (Invalid Carriage),0
KA,2015-01-01,THREE WHEELER(NT),0
KA,2015-01-01,THREE WHEELER(T),0
KA,2015-01-01,TWO WHEELER (Invalid Carriage),0
KA,2015-01-01,TWO WHEELER(NT),3
KA,2015-01-01,TWO WHEELER(T),0
KA,2015-02-01,FOUR WHEELER (Invalid Carriage),0
KA,2015-02-01,HEAVY GOODS VEHICLE,0
KA,2015-02-01,HEAVY MOTOR VEHICLE,0
KA,2015-02-01,HEAVY PASSENGER VEHICLE,0
KA,2015-02-01,LIGHT GOODS VEHICLE,0
KA,2015-02-01,LIGHT MOTOR VEHICLE,20
KA,2015-02-01,LIGHT PASSENGER VEHICLE,0
KA,2015-02-01,MEDIUM GOODS VEHICLE,0
KA,2015-02-01,MEDIUM MOTOR VEHICLE,0
KA,2015-02-01,MEDIUM PASSENGER VEHICLE,0
KA,2015-02-01,OTHER THAN MENTIONED ABOVE,0
KA,2015-02-01,THREE WHEELER (Invalid Carriage),0
KA,2015-02-01,THREE WHEELER(NT),0
KA,2015-02-01,THREE WHEELER(T),2
KA,2015-02-01,TWO WHEELER (Invalid Carriage),0
KA,2015-02-01,TWO WHEELER(NT),1
KA,2015-02-01,TWO WHEELER(T),0
KA,2015-03-01,FOUR WHEELER (Invalid Carriage),0
KA,2015-03-01,HEAVY GOODS VEHICLE,0
KA,2015-03-01,HEAVY MOTOR VEHICLE,0
KA,2015-03-01,HEAVY PASSENGER VEHICLE,0
KA,2015-03-01,LIGHT GOODS VEHICLE,0
KA,2015-03-01,LIGHT MOTOR VEHICLE,14
KA,2015-03-01,LIGHT PASSENGER VEHICLE,0
KA,2015-03-01,MEDIUM GOODS VEHICLE,0
KA,2015-03-01,MEDIUM MOTOR VEHICLE,0
KA,2015-03-01,MEDIUM PASSENGER VEHICLE,0
KA,2015-03-01,OTHER THAN MENTIONED ABOVE,0
KA,2015-03-01,THREE WHEELER (Invalid Carriage),0
KA,2015-03-01,THREE WHEELER(NT),0
KA,2015-03-01,THREE WHEELER(T),0
KA,2015-03-01,TWO WHEELER (Invalid Carriage),0
KA,2015-03-01,TWO WHEELER(NT),2
KA,2015-03-01,TWO WHEELER(T),0
KA,2015-04-01,FOUR WHEELER (Invalid Carriage),0
KA,2015-04-01,HEAVY GOODS VEHICLE,0
KA,2015-04-01,HEAVY MOTOR VEHICLE,0
KA,2015-04-01,HEAVY PASSENGER VEHICLE,0
KA,2015-04-01,LIGHT GOODS VEHICLE,0
KA,2015-04-01,LIGHT MOTOR VEHICLE,14
KA,2015-04-01,LIGHT PASSENGER VEHICLE,0
KA,2015-04-01,MEDIUM GOODS VEHICLE,0
KA,2015-04-01,MEDIUM MOTOR VEHICLE,0
KA,2015-04-01,MEDIUM PASSENGER VEHICLE,0
KA,2015-04-01,OTHER THAN MENTIONED ABOVE,0
KA,2015-04-01,THREE WHEELER (Invalid Carriage),0
KA,2015-04-01,THREE WHEELER(NT),0
KA,2015-04-01,THREE WHEELER(T),0
KA,2015-04-01,TWO WHEELER (Invalid Carriage),0
KA,2015-04-01,TWO WHEELER(NT),3
KA,2015-04-01,TWO WHEELER(T),0
KA,2015-05-01,FOUR WHEELER (Invalid Carriage),0
KA,2015-05-01,HEAVY GOODS VEHICLE,0
KA,2015-05-01,HEAVY MOTOR VEHICLE,0
KA,2015-05-01,HEAVY PASSENGER VEHICLE,0
KA,2015-05-01,LIGHT GOODS VEHICLE,0
KA,2015-05-01,LIGHT MOTOR VEHICLE,15
KA,2015-05-01,LIGHT PASSENGER VEHICLE,0
KA,2015-05-01,MEDIUM GOODS VEHICLE,0
KA,2015-05-01,MEDIUM MOTOR VEHICLE,0
KA,2015-05-01,MEDIUM PASSENGER VEHICLE,0
KA,2015-05-01,OTHER THAN MENTIONED ABOVE,0
KA,2015-05-01,THREE WHEELER (Invalid Carriage),0
KA,2015-05-01,THREE WHEELER(NT),0
KA,2015-05-01,THREE WHEELER(T),0
KA,2015-05-01,TWO WHEELER (Invalid Carriage),0
KA,2015-05-01,TWO WHEELER(NT),4
KA,2015-05-01,TWO WHEELER(T),0
KA,2015-06-01,FOUR WHEELER (Invalid Carriage),0
KA,2015-06-01,HEAVY GOODS VEHICLE,0
KA,2015-06-01,HEAVY MOTOR VEHICLE,0
KA,2015-06-01,HEAVY PASSENGER VEHICLE,0
KA,2015-06-01,LIGHT GOODS VEHICLE,0
KA,2015-06-01,LIGHT MOTOR VEHICLE,23
KA,2015-06-01,LIGHT PASSENGER VEHICLE,0
KA,2015-06-01,MEDIUM GOODS VEHICLE,0
KA,2015-06-01,MEDIUM MOTOR VEHICLE,0
KA,2015-06-01,MEDIUM PASSENGER VEHICLE,0
KA,2015-06-01,OTHER THAN MENTIONED ABOVE,0
KA,2015-06-01,THREE WHEELER (Invalid Carriage),0
KA,2015-06-01,THREE WHEELER(NT),0
KA,2015-06-01,THREE WHEELER(T),0
KA,2015-06-01,TWO WHEELER (Invalid Carriage),0
KA,2015-06-01,TWO WHEELER(NT),1
KA,2015-06-01,TWO WHEELER(T),0
KA,2015-07-01,FOUR WHEELER (Invalid Carriage),0
KA,2015-07-01,HEAVY GOODS VEHICLE,0
KA,2015-07-01,HEAVY MOTOR VEHICLE,0
KA,2015-07-01,HEAVY PASSENGER VEHICLE,0
KA,2015-07-01,LIGHT GOODS VEHICLE,0
KA,2015-07-01,LIGHT MOTOR VEHICLE,22
KA,2015-07-01,LIGHT PASSENGER VEHICLE,0
KA,2015-07-01,MEDIUM GOODS VEHICLE,0
KA,2015-07-01,MEDIUM MOTOR VEHICLE,0
KA,2015-07-01,MEDIUM PASSENGER VEHICLE,0
KA,2015-07-01,OTHER THAN MENTIONED ABOVE,0
KA,2015-07-01,THREE WHEELER (Invalid Carriage),0
KA,2015-07-01,THREE WHEELER(NT),0
KA,2015-07-01,THREE WHEELER(T),2
KA,2015-07-01,TWO WHEELER (Invalid Carriage),0
KA,2015-07-01,TWO WHEELER(NT),2
KA,2015-07-01,TWO WHEELER(T),0
KA,2015-08-01,FOUR WHEELER (Invalid Carriage),0
KA,2015-08-01,HEAVY GOODS VEHICLE,0
KA,2015-08-01,HEAVY MOTOR VEHICLE,0
KA,2015-08-01,HEAVY PASSENGER VEHICLE,0
KA,2015-08-01,LIGHT GOODS VEHICLE,0
KA,2015-08-01,LIGHT MOTOR VEHICLE,20
KA,2015-08-01,LIGHT PASSENGER VEHICLE,0
KA,2015-08-01,MEDIUM GOODS VEHICLE,0
KA,2015-08-01,MEDIUM MOTOR VEHICLE,0
KA,2015-08-01,MEDIUM PASSENGER VEHICLE,0
KA,2015-08-01,OTHER THAN MENTIONED ABOVE,0
KA,2015-08-01,THREE WHEELER (Invalid Carriage),0
KA,2015-08-01,THREE WHEELER(NT),0
KA,2015-08-01,THREE WHEELER(T),1
KA,2015-08-01,TWO WHEELER (Invalid Carriage),0
KA,2015-08-01,TWO WHEELER(NT),1
KA,2015-08-01,TWO WHEELER(T),0
KA,2015-09-01,FOUR WHEELER (Invalid Carriage),0
KA,2015-09-01,HEAVY GOODS VEHICLE,0
KA,2015-09-01,HEAVY MOTOR VEHICLE,0
KA,2015-09-01,HEAVY PASSENGER VEHICLE,0
KA,2015-09-01,LIGHT GOODS VEHICLE,0
KA,2015-09-01,LIGHT MOTOR VEHICLE,12
KA,2015-09-01,LIGHT PASSENGER VEHICLE,0
KA,2015-09-01,MEDIUM GOODS VEHICLE,0
KA,2015-09-01,MEDIUM MOTOR VEHICLE,0
KA,2015-09-01,MEDIUM PASSENGER VEHICLE,0
KA,2015-09-01,OTHER THAN MENTIONED ABOVE,0
KA,2015-09-01,THREE WHEELER (Invalid Carriage),0
KA,2015-09-01,THREE WHEELER(NT),0
KA,2015-09-01,THREE WHEELER(T),4
KA,2015-09-01,TWO WHEELER (Invalid Carriage),0
KA,2015-09-01,TWO WHEELER(NT),2
KA,2015-09-01,TWO WHEELER(T),0
KA,2015-10-01,FOUR WHEELER (Invalid Carriage),0
KA,2015-10-01,HEAVY GOODS VEHICLE,0
KA,2015-10-01,HEAVY MOTOR VEHICLE,0
KA,2015-10-01,HEAVY PASSENGER VEHICLE,0
KA,2015-10-01,LIGHT GOODS VEHICLE,0
KA,2015-10-01,LIGHT MOTOR VEHICLE,18
KA,2015-10-01,LIGHT PASSENGER VEHICLE,0
KA,2015-10-01,MEDIUM GOODS VEHICLE,0
KA,2015-10-01,MEDIUM MOTOR VEHICLE,0
KA,2015-10-01,MEDIUM PASSENGER VEHICLE,0
KA,2015-10-01,OTHER THAN MENTIONED ABOVE,0
KA,2015-10-01,THREE WHEELER (Invalid Carriage),0
KA,2015-10-01,THREE WHEELER(NT),0
KA,2015-10-01,THREE WHEELER(T),1
KA,2015-10-01,TWO WHEELER (Invalid Carriage),0
KA,2015-10-01,TWO WHEELER(NT),2
KA,2015-10-01,TWO WHEELER(T),0
KA,2015-11-01,FOUR WHEELER (Invalid Carriage),0
KA,2015-11-01,HEAVY GOODS VEHICLE,0
KA,2015-11-01,HEAVY MOTOR VEHICLE,0
KA,2015-11-01,HEAVY PASSENGER VEHICLE,0
KA,2015-11-01,LIGHT GOODS VEHICLE,0
KA,2015-11-01,LIGHT MOTOR VEHICLE,17
KA,2015-11-01,LIGHT PASSENGER VEHICLE,0
KA,2015-11-01,MEDIUM GOODS VEHICLE,0
KA,2015-11-01,MEDIUM MOTOR VEHICLE,0
KA,2015-11-01,MEDIUM PASSENGER VEHICLE,0
KA,2015-11-01,OTHER THAN MENTIONED ABOVE,0
KA,2015-11-01,THREE WHEELER (Invalid Carriage),0
KA,2015-11-01,THREE WHEELER(NT),0
KA,2015-11-01,THREE WHEELER(T),2
KA,2015-11-01,TWO WHEELER (Invalid Carriage),0
KA,2015-11-01,TWO WHEELER(NT),0
KA,2015-11-01,TWO WHEELER(T),0
KA,2015-12-01,FOUR WHEELER (Invalid Carriage),0
KA,2015-12-01,HEAVY GOODS VEHICLE,0
KA,2015-12-01,HEAVY MOTOR VEHICLE,0
KA,2015-12-01,HEAVY PASSENGER VEHICLE,0
KA,2015-12-01,LIGHT GOODS VEHICLE,0
KA,2015-12-01,LIGHT MOTOR VEHICLE,20
KA,2015-12-01,LIGHT PASSENGER VEHICLE,0
KA,2015-12-01,MEDIUM GOODS VEHICLE,0
KA,2015-12-01,MEDIUM MOTOR VEHICLE,0
KA,2015-12-01,MEDIUM PASSENGER VEHICLE,0
KA,2015-12-01,OTHER THAN MENTIONED ABOVE,0
KA,2015-12-01,THREE WHEELER (Invalid Carriage),0
KA,2015-12-01,THREE WHEELER(NT),0
KA,2015-12-01,THREE WHEELER(T),2
KA,2015-12-01,TWO WHEELER (Invalid Carriage),0
KA,2015-12-01,TWO WHEELER(NT),1
KA,2015-12-01,TWO WHEELER(T),0
KA,2016-01-01,FOUR WHEELER (Invalid Carriage),0
KA,2016-01-01,HEAVY GOODS VEHICLE,0
KA,2016-01-01,HEAVY MOTOR VEHICLE,0
KA,2016-01-01,HEAVY PASSENGER VEHICLE,0
KA,2016-01-01,LIGHT GOODS VEHICLE,0
KA,2016-01-01,LIGHT MOTOR VEHICLE,24
KA,2016-01-01,LIGHT PASSENGER VEHICLE,0
KA,2016-01-01,MEDIUM GOODS VEHICLE,0
KA,2016-01-01,MEDIUM MOTOR VEHICLE,0
KA,2016-01-01,MEDIUM PASSENGER VEHICLE,0
KA,2016-01-01,OTHER THAN MENTIONED ABOVE,0
KA,2016-01-01,THREE WHEELER (Invalid Carriage),0
KA,2016-01-01,THREE WHEELER(NT),0
KA,2016-01-01,THREE WHEELER(T),3
KA,2016-01-01,TWO WHEELER (Invalid Carriage),0
KA,2016-01-01,TWO WHEELER(NT),0
KA,2016-01-01,TWO WHEELER(T),0
KA,2016-02-01,FOUR WHEELER (Invalid Carriage),0
KA,2016-02-01,HEAVY GOODS VEHICLE,0
KA,2016-02-01,HEAVY MOTOR VEHICLE,0
KA,2016-02-01,HEAVY PASSENGER VEHICLE,0
KA,2016-02-01,LIGHT GOODS VEHICLE,0
KA,2016-02-01,LIGHT MOTOR VEHICLE,14
KA,2016-02-01,LIGHT PASSENGER VEHICLE,0
KA,2016-02-01,MEDIUM GOODS VEHICLE,0
KA,2016-02-01,MEDIUM MOTOR VEHICLE,0
KA,2016-02-01,MEDIUM PASSENGER VEHICLE,0
KA,2016-02-01,OTHER THAN MENTIONED ABOVE,0
KA,2016-02-01,THREE WHEELER (Invalid Carriage),0
KA,2016-02-01,THREE WHEELER(NT),0
KA,2016-02-01,THREE WHEELER(T),3
KA,2016-02-01,TWO WHEELER (Invalid Carriage),0
KA,2016-02-01,TWO WHEELER(NT),0
KA,2016-02-01,TWO WHEELER(T),0
KA,2016-03-01,FOUR WHEELER (Invalid Carriage),0
KA,2016-03-01,HEAVY GOODS VEHICLE,0
KA,2016-03-01,HEAVY MOTOR VEHICLE,0
KA,2016-03-01,HEAVY PASSENGER VEHICLE,0
KA,2016-03-01,LIGHT GOODS VEHICLE,0
KA,2016-03-01,LIGHT MOTOR VEHICLE,8
KA,2016-03-01,LIGHT PASSENGER VEHICLE,0
KA,2016-03-01,MEDIUM GOODS VEHICLE,0
KA,2016-03-01,MEDIUM MOTOR VEHICLE,0
KA,2016-03-01,MEDIUM PASSENGER VEHICLE,0
KA,2016-03-01,OTHER THAN MENTIONED ABOVE,0
KA,2016-03-01,THREE WHEELER (Invalid Carriage),0
KA,2016-03-01,THREE WHEELER(NT),0
KA,2016-03-01,THREE WHEELER(T),2
KA,2016-03-01,TWO WHEELER (Invalid Carriage),0
KA,2016-03-01,TWO WHEELER(NT),0
KA,2016-03-01,TWO WHEELER(T),0
KA,2016-04-01,FOUR WHEELER (Invalid Carriage),0
KA,2016-04-01,HEAVY GOODS VEHICLE,0
KA,2016-04-01,HEAVY MOTOR VEHICLE,0
KA,2016-04-01,HEAVY PASSENGER VEHICLE,0
KA,2016-04-01,LIGHT GOODS VEHICLE,0
KA,2016-04-01,LIGHT MOTOR VEHICLE,10
KA,2016-04-01,LIGHT PASSENGER VEHICLE,0
KA,2016-04-01,MEDIUM GOODS VEHICLE,0
KA,2016-04-01,MEDIUM MOTOR VEHICLE,0
KA,2016-04-01,MEDIUM PASSENGER VEHICLE,0
KA,2016-04-01,OTHER THAN MENTIONED ABOVE,0
KA,2016-04-01,THREE WHEELER (Invalid Carriage),0
KA,2016-04-01,THREE WHEELER(NT),0
KA,2016-04-01,THREE WHEELER(T),1
KA,2016-04-01,TWO WHEELER (Invalid Carriage),0
KA,2016-04-01,TWO WHEELER(NT),2
KA,2016-04-01,TWO WHEELER(T),0
KA,2016-05-01,FOUR WHEELER (Invalid Carriage),0
KA,2016-05-01,HEAVY GOODS VEHICLE,0
KA,2016-05-01,HEAVY MOTOR VEHICLE,0
KA,2016-05-01,HEAVY PASSENGER VEHICLE,0
KA,2016-05-01,LIGHT GOODS VEHICLE,0
KA,2016-05-01,LIGHT MOTOR VEHICLE,13
KA,2016-05-01,LIGHT PASSENGER VEHICLE,0
KA,2016-05-01,MEDIUM GOODS VEHICLE,0
KA,2016-05-01,MEDIUM MOTOR VEHICLE,0
KA,2016-05-01,MEDIUM PASSENGER VEHICLE,0
KA,2016-05-01,OTHER THAN MENTIONED ABOVE,0
KA,2016-05-01,THREE WHEELER (Invalid Carriage),0
KA,2016-05-01,THREE WHEELER(NT),0
KA,2016-05-01,THREE WHEELER(T),4
KA,2016-05-01,TWO WHEELER (Invalid Carriage),0
KA,2016-05-01,TWO WHEELER(NT),1
KA,2016-05-01,TWO WHEELER(T),0
KA,2016-06-01,FOUR WHEELER (Invalid Carriage),0
KA,2016-06-01,HEAVY GOODS VEHICLE,0
KA,2016-06-01,HEAVY MOTOR VEHICLE,0
KA,2016-06-01,HEAVY PASSENGER VEHICLE,0
KA,2016-06-01,LIGHT GOODS VEHICLE,0
KA,2016-06-01,LIGHT MOTOR VEHICLE,12
KA,2016-06-01,LIGHT PASSENGER VEHICLE,0
KA,2016-06-01,MEDIUM GOODS VEHICLE,0
KA,2016-06-01,MEDIUM MOTOR VEHICLE,0
KA,2016-06-01,MEDIUM PASSENGER VEHICLE,0
KA,2016-06-01,OTHER THAN MENTIONED ABOVE,0
KA,2016-06-01,THREE WHEELER (Invalid Carriage),0
KA,2016-06-01,THREE WHEELER(NT),0
KA,2016-06-01,THREE WHEELER(T),0
KA,2016-06-01,TWO WHEELER (Invalid Carriage),0
KA,2016-06-01,TWO WHEELER(NT),4
KA,2016-06-01,TWO WHEELER(T),0
KA,2016-07-01,FOUR WHEELER (Invalid Carriage),0
KA,2016-07-01,HEAVY GOODS VEHICLE,0
KA,2016-07-01,HEAVY MOTOR VEHICLE,0
KA,2016-07-01,HEAVY PASSENGER VEHICLE,0
KA,2016-07-01,LIGHT GOODS VEHICLE,0
KA,2016-07-01,LIGHT MOTOR VEHICLE,11
KA,2016-07-01,LIGHT PASSENGER VEHICLE,0
KA,2016-07-01,MEDIUM GOODS VEHICLE,0
KA,2016-07-01,MEDIUM MOTOR VEHICLE,0
KA,2016-07-01,MEDIUM PASSENGER VEHICLE,0
KA,2016-07-01,OTHER THAN MENTIONED ABOVE,0
KA,2016-07-01,THREE WHEELER (Invalid Carriage),0
KA,2016-07-01,THREE WHEELER(NT),0
KA,2016-07-01,THREE WHEELER(T),1
KA,2016-07-01,TWO WHEELER (Invalid Carriage),0
KA,2016-07-01,TWO WHEELER(NT),0
KA,2016-07-01,TWO WHEELER(T),0
KA,2016-08-01,FOUR WHEELER (Invalid Carriage),0
KA,2016-08-01,HEAVY GOODS VEHICLE,0
KA,2016-08-01,HEAVY MOTOR VEHICLE,0
KA,2016-08-01,HEAVY PASSENGER VEHICLE,0
KA,2016-08-01,LIGHT GOODS VEHICLE,0
KA,2016-08-01,LIGHT MOTOR VEHICLE,27
KA,2016-08-01,LIGHT PASSENGER VEHICLE,0
KA,2016-08-01,MEDIUM GOODS VEHICLE,0
KA,2016-08-01,MEDIUM MOTOR VEHICLE,0
KA,2016-08-01,MEDIUM PASSENGER VEHICLE,0
KA,2016-08-01,OTHER THAN MENTIONED ABOVE,0
KA,2016-08-01,THREE WHEELER (Invalid Carriage),0
KA,2016-08-01,THREE WHEELER(NT),0
KA,2016-08-01,THREE WHEELER(T),0
KA,2016-08-01,TWO WHEELER (Invalid Carriage),0
KA,2016-08-01,TWO WHEELER(NT),2
KA,2016-08-01,TWO WHEELER(T),0
KA,2016-09-01,FOUR WHEELER (Invalid Carriage),0
KA,2016-09-01,HEAVY GOODS VEHICLE,0
KA,2016-09-01,HEAVY MOTOR VEHICLE,0
KA,2016-09-01,HEAVY PASSENGER VEHICLE,0
KA,2016-09-01,LIGHT GOODS VEHICLE,0
KA,2016-09-01,LIGHT MOTOR VEHICLE,7
KA,2016-09-01,LIGHT PASSENGER VEHICLE,0
KA,2016-09-01,MEDIUM GOODS VEHICLE,0
KA,2016-09-01,MEDIUM MOTOR VEHICLE,0
KA,2016-09-01,MEDIUM PASSENGER VEHICLE,0
KA,2016-09-01,OTHER THAN MENTIONED ABOVE,0
KA,2016-09-01,THREE WHEELER (Invalid Carriage),0
KA,2016-09-01,THREE WHEELER(NT),0
KA,2016-09-01,THREE WHEELER(T),4
KA,2016-09-01,TWO WHEELER (Invalid Carriage),0
KA,2016-09-01,TWO WHEELER(NT),0
KA,2016-09-01,TWO WHEELER(T),0
KA,2016-10-01,FOUR WHEELER (Invalid Carriage),0
KA,2016-10-01,HEAVY GOODS VEHICLE,0
KA,2016-10-01,HEAVY MOTOR VEHICLE,0
KA,2016-10-01,HEAVY PASSENGER VEHICLE,0
KA,2016-10-01,LIGHT GOODS VEHICLE,0
KA,2016-10-01,LIGHT MOTOR VEHICLE,20
KA,2016-10-01,LIGHT PASSENGER VEHICLE,0
KA,2016-10-01,MEDIUM GOODS VEHICLE,0
KA,2016-10-01,MEDIUM MOTOR VEHICLE,0
KA,2016-10-01,MEDIUM PASSENGER VEHICLE,0
KA,2016-10-01,OTHER THAN MENTIONED ABOVE,0
KA,2016-10-01,THREE WHEELER (Invalid Carriage),0
KA,2016-10-01,THREE WHEELER(NT),0
KA,2016-10-01,THREE WHEELER(T),3
KA,2016-10-01,TWO WHEELER (Invalid Carriage),0
KA,2016-10-01,TWO WHEELER(NT),0
KA,2016-10-01,TWO WHEELER(T),0
KA,2016-11-01,FOUR WHEELER (Invalid Carriage),0
KA,2016-11-01,HEAVY GOODS VEHICLE,0
KA,2016-11-01,HEAVY MOTOR VEHICLE,0
KA,2016-11-01,HEAVY PASSENGER VEHICLE,0
KA,2016-11-01,LIGHT GOODS VEHICLE,0
KA,2016-11-01,LIGHT MOTOR VEHICLE,14
KA,2016-11-01,LIGHT PASSENGER VEHICLE,0
KA,2016-11-01,MEDIUM GOODS VEHICLE,0
KA,2016-11-01,MEDIUM MOTOR VEHICLE,0
KA,2016-11-01,MEDIUM PASSENGER VEHICLE,0
KA,2016-11-01,OTHER THAN MENTIONED ABOVE,0
KA,2016-11-01,THREE WHEELER (Invalid Carriage),0
KA,2016-11-01,THREE WHEELER(NT),0
KA,2016-11-01,THREE WHEELER(T),2
KA,2016-11-01,TWO WHEELER (Invalid Carriage),0
KA,2016-11-01,TWO WHEELER(NT),2
KA,2016-11-01,TWO WHEELER(T),0
KA,2016-12-01,FOUR WHEELER (Invalid Carriage),0
KA,2016-12-01,HEAVY GOODS VEHICLE,0
KA,2016-12-01,HEAVY MOTOR VEHICLE,0
KA,2016-12-01,HEAVY PASSENGER VEHICLE,0
KA,2016-12-01,LIGHT GOODS VEHICLE,0
KA,2016-12-01,LIGHT MOTOR VEHICLE,8
KA,2016-12-01,LIGHT PASSENGER VEHICLE,0
KA,2016-12-01,MEDIUM GOODS VEHICLE,0
KA,2016-12-01,MEDIUM MOTOR VEHICLE,0
KA,2016-12-01,MEDIUM PASSENGER VEHICLE,0
KA,2016-12-01,OTHER THAN MENTIONED ABOVE,0
KA,2016-12-01,THREE WHEELER (Invalid Carriage),0
KA,2016-12-01,THREE WHEELER(NT),0
KA,2016-12-01,THREE WHEELER(T),0
KA,2016-12-01,TWO WHEELER (Invalid Carriage),0
KA,2016-12-01,TWO WHEELER(NT),1
KA,2016-12-01,TWO WHEELER(T),0
KA,2017-01-01,FOUR WHEELER (Invalid Carriage),0
KA,2017-01-01,HEAVY GOODS VEHICLE,0
KA,2017-01-01,HEAVY MOTOR VEHICLE,0
KA,2017-01-01,HEAVY PASSENGER VEHICLE,0
KA,2017-01-01,LIGHT GOODS VEHICLE,0
KA,2017-01-01,LIGHT MOTOR VEHICLE,24
KA,2017-01-01,LIGHT PASSENGER VEHICLE,0
KA,2017-01-01,MEDIUM GOODS VEHICLE,0
KA,2017-01-01,MEDIUM MOTOR VEHICLE,0
KA,2017-01-01,MEDIUM PASSENGER VEHICLE,0
KA,2017-01-01,OTHER THAN MENTIONED ABOVE,0
KA,2017-01-01,THREE WHEELER (Invalid Carriage),0
KA,2017-01-01,THREE WHEELER(NT),0
KA,2017-01-01,THREE WHEELER(T),1
KA,2017-01-01,TWO WHEELER (Invalid Carriage),0
KA,2017-01-01,TWO WHEELER(NT),3
KA,2017-01-01,TWO WHEELER(T),0
KA,2017-02-01,FOUR WHEELER (Invalid Carriage),0
KA,2017-02-01,HEAVY GOODS VEHICLE,0
KA,2017-02-01,HEAVY MOTOR VEHICLE,0
KA,2017-02-01,HEAVY PASSENGER VEHICLE,0
KA,2017-02-01,LIGHT GOODS VEHICLE,0
KA,2017-02-01,LIGHT MOTOR VEHICLE,14
KA,2017-02-01,LIGHT PASSENGER VEHICLE,0
KA,2017-02-01,MEDIUM GOODS VEHICLE,0
KA,2017-02-01,MEDIUM MOTOR VEHICLE,0
KA,2017-02-01,MEDIUM PASSENGER VEHICLE,0
KA,2017-02-01,OTHER THAN MENTIONED ABOVE,0
KA,2017-02-01,THREE WHEELER (Invalid Carriage),0
KA,2017-02-01,THREE WHEELER(NT),0
KA,2017-02-01,THREE WHEELER(T),3
KA,2017-02-01,TWO WHEELER (Invalid Carriage),0
KA,2017-02-01,TWO WHEELER(NT),0
KA,2017-02-01,TWO WHEELER(T),0
KA,2017-03-01,FOUR WHEELER (Invalid Carriage),0
KA,2017-03-01,HEAVY GOODS VEHICLE,0
KA,2017-03-01,HEAVY MOTOR VEHICLE,0
KA,2017-03-01,HEAVY PASSENGER VEHICLE,0
KA,2017-03-01,LIGHT GOODS VEHICLE,0
KA,2017-03-01,LIGHT MOTOR VEHICLE,22
KA,2017-03-01,LIGHT PASSENGER VEHICLE,0
KA,2017-03-01,MEDIUM GOODS VEHICLE,0
KA,2017-03-01,MEDIUM MOTOR VEHICLE,0
KA,2017-03-01,MEDIUM PASSENGER VEHICLE,0
KA,2017-03-01,OTHER THAN MENTIONED ABOVE,0
KA,2017-03-01,THREE WHEELER (Invalid Carriage),0
KA,2017-03-01,THREE WHEELER(NT),0
KA,2017-03-01,THREE WHEELER(T),3
KA,2017-03-01,TWO WHEELER (Invalid Carriage),0
KA,2017-03-01,TWO WHEELER(NT),2
KA,2017-03-01,TWO WHEELER(T),0
KA,2017-04-01,FOUR WHEELER (Invalid Carriage),0
KA,2017-04-01,HEAVY GOODS VEHICLE,0
KA,2017-04-01,HEAVY MOTOR VEHICLE,0
KA,2017-04-01,HEAVY PASSENGER VEHICLE,0
KA,2017-04-01,LIGHT GOODS VEHICLE,0
KA,2017-04-01,LIGHT MOTOR VEHICLE,15
KA,2017-04-01,LIGHT PASSENGER VEHICLE,0
KA,2017-04-01,MEDIUM GOODS VEHICLE,0
KA,2017-04-01,MEDIUM MOTOR VEHICLE,0
KA,2017-04-01,MEDIUM PASSENGER VEHICLE,0
KA,2017-04-01,OTHER THAN MENTIONED ABOVE,0
KA,2017-04-01,THREE WHEELER (Invalid Carriage),0
KA,2017-04-01,THREE WHEELER(NT),0
KA,2017-04-01,THREE WHEELER(T),6
KA,2017-04-01,TWO WHEELER (Invalid Carriage),0
KA,2017-04-01,TWO WHEELER(NT),0
KA,2017-04-01,TWO WHEELER(T),0
KA,2017-05-01,FOUR WHEELER (Invalid Carriage),0
KA,2017-05-01,HEAVY GOODS VEHICLE,0
KA,2017-05-01,HEAVY MOTOR VEHICLE,0
KA,2017-05-01,HEAVY PASSENGER VEHICLE,0
KA,2017-05-01,LIGHT GOODS VEHICLE,0
KA,2017-05-01,LIGHT MOTOR VEHICLE,11
KA,2017-05-01,LIGHT PASSENGER VEHICLE,0
KA,2017-05-01,MEDIUM GOODS VEHICLE,0
KA,2017-05-01,MEDIUM MOTOR VEHICLE,0
KA,2017-05-01,MEDIUM PASSENGER VEHICLE,0
KA,2017-05-01,OTHER THAN MENTIONED ABOVE,0
KA,2017-05-01,THREE WHEELER (Invalid Carriage),0
KA,2017-05-01,THREE WHEELER(NT),0
KA,2017-05-01,THREE WHEELER(T),4
KA,2017-05-01,TWO WHEELER (Invalid Carriage),0
KA,2017-05-01,TWO WHEELER(NT),0
KA,2017-05-01,TWO WHEELER(T),0
KA,2017-06-01,FOUR WHEELER (Invalid Carriage),0
KA,2017-06-01,HEAVY GOODS VEHICLE,0
KA,2017-06-01,HEAVY MOTOR VEHICLE,0
KA,2017-06-01,HEAVY PASSENGER VEHICLE,0
KA,2017-06-01,LIGHT GOODS VEHICLE,0
KA,2017-06-01,LIGHT MOTOR VEHICLE,22
KA,2017-06-01,LIGHT PASSENGER VEHICLE,0
KA,2017-06-01,MEDIUM GOODS VEHICLE,0
KA,2017-06-01,MEDIUM MOTOR VEHICLE,0
KA,2017-06-01,MEDIUM PASSENGER VEHICLE,0
KA,2017-06-01,OTHER THAN MENTIONED ABOVE,0
KA,2017-06-01,THREE WHEELER (Invalid Carriage),0
KA,2017-06-01,THREE WHEELER(NT),0
KA,2017-06-01,THREE WHEELER(T),1
KA,2017-06-01,TWO WHEELER (Invalid Carriage),0
KA,2017-06-01,TWO WHEELER(NT),2
KA,2017-06-01,TWO WHEELER(T),0
KA,2017-07-01,FOUR WHEELER (Invalid Carriage),0
KA,2017-07-01,HEAVY GOODS VEHICLE,0
KA,2017-07-01,HEAVY MOTOR VEHICLE,0
KA,2017-07-01,HEAVY PASSENGER VEHICLE,0
KA,2017-07-01,LIGHT GOODS VEHICLE,0
KA,2017-07-01,LIGHT MOTOR VEHICLE,14
KA,2017-07-01,LIGHT PASSENGER VEHICLE,0
KA,2017-07-01,MEDIUM GOODS VEHICLE,0
KA,2017-07-01,MEDIUM MOTOR VEHICLE,0
KA,2017-07-01,MEDIUM PASSENGER VEHICLE,0
KA,2017-07-01,OTHER THAN MENTIONED ABOVE,0
KA,2017-07-01,THREE WHEELER (Invalid Carriage),0
KA,2017-07-01,THREE WHEELER(NT),0
KA,2017-07-01,THREE WHEELER(T),1
KA,2017-07-01,TWO WHEELER (Invalid Carriage),0
KA,2017-07-01,TWO WHEELER(NT),0
KA,2017-07-01,TWO WHEELER(T),0
KA,2017-08-01,FOUR WHEELER (Invalid Carriage),0
KA,2017-08-01,HEAVY GOODS VEHICLE,0
KA,2017-08-01,HEAVY MOTOR VEHICLE,0
KA,2017-08-01,HEAVY PASSENGER VEHICLE,0
KA,2017-08-01,LIGHT GOODS VEHICLE,0
KA,2017-08-01,LIGHT MOTOR VEHICLE,5
KA,2017-08-01,LIGHT PASSENGER VEHICLE,0
KA,2017-08-01,MEDIUM GOODS VEHICLE,0
KA,2017-08-01,MEDIUM MOTOR VEHICLE,0
KA,2017-08-01,MEDIUM PASSENGER VEHICLE,0
KA,2017-08-01,OTHER THAN MENTIONED ABOVE,0
KA,2017-08-01,THREE WHEELER (Invalid Carriage),0
KA,2017-08-01,THREE WHEELER(NT),0
KA,2017-08-01,THREE WHEELER(T),1
KA,2017-08-01,TWO WHEELER (Invalid Carriage),0
KA,2017-08-01,TWO WHEELER(NT),2
KA,2017-08-01,TWO WHEELER(T),0
KA,2017-09-01,FOUR WHEELER (Invalid Carriage),0
KA,2017-09-01,HEAVY GOODS VEHICLE,0
KA,2017-09-01,HEAVY MOTOR VEHICLE,0
KA,2017-09-01,HEAVY PASSENGER VEHICLE,0
KA,2017-09-01,LIGHT GOODS VEHICLE,0
KA,2017-09-01,LIGHT MOTOR VEHICLE,15
KA,2017-09-01,LIGHT PASSENGER VEHICLE,0
KA,2017-09-01,MEDIUM GOODS VEHICLE,0
KA,2017-09-01,MEDIUM MOTOR VEHICLE,0
KA,2017-09-01,MEDIUM PASSENGER VEHICLE,0
KA,2017-09-01,OTHER THAN MENTIONED ABOVE,0
KA,2017-09-01,THREE WHEELER (Invalid Carriage),0
KA,2017-09-01,THREE WHEELER(NT),0
KA,2017-09-01,THREE WHEELER(T),0
KA,2017-09-01,TWO WHEELER (Invalid Carriage),0
KA,2017-09-01,TWO WHEELER(NT),0
KA,2017-09-01,TWO WHEELER(T),0
KA,2017-10-01,FOUR WHEELER (Invalid Carriage),0
KA,2017-10-01,HEAVY GOODS VEHICLE,0
KA,2017-10-01,HEAVY MOTOR VEHICLE,0
KA,2017-10-01,HEAVY PASSENGER VEHICLE,0
KA,2017-10-01,LIGHT GOODS VEHICLE,0
KA,2017-10-01,LIGHT MOTOR VEHICLE,23
KA,2017-10-01,LIGHT PASSENGER VEHICLE,0
KA,2017-10-01,MEDIUM GOODS VEHICLE,0
KA,2017-10-01,MEDIUM MOTOR VEHICLE,0
KA,2017-10-01,MEDIUM PASSENGER VEHICLE,0
KA,2017-10-01,OTHER THAN MENTIONED ABOVE,0
KA,2017-10-01,THREE WHEELER (Invalid Carriage),0
KA,2017-10-01,THREE WHEELER(NT),0
KA,2017-10-01,THREE WHEELER(T),6
KA,2017-10-01,TWO WHEELER (Invalid Carriage),0
KA,2017-10-01,TWO WHEELER(NT),1
KA,2017-10-01,TWO WHEELER(T),0
KA,2017-11-01,FOUR WHEELER (Invalid Carriage),0
KA,2017-11-01,HEAVY GOODS VEHICLE,0
KA,2017-11-01,HEAVY MOTOR VEHICLE,0
KA,2017-11-01,HEAVY PASSENGER VEHICLE,0
KA,2017-11-01,LIGHT GOODS VEHICLE,0
KA,2017-11-01,LIGHT MOTOR VEHICLE,10
KA,2017-11-01,LIGHT PASSENGER VEHICLE,0
KA,2017-11-01,MEDIUM GOODS VEHICLE,0
KA,2017-11-01,MEDIUM MOTOR VEHICLE,0
KA,2017-11-01,MEDIUM PASSENGER VEHICLE,0
KA,2017-11-01,OTHER THAN MENTIONED ABOVE,0
KA,2017-11-01,THREE WHEELER (Invalid Carriage),0
KA,2017-11-01,THREE WHEELER(NT),0
KA,2017-11-01,THREE WHEELER(T),1
KA,2017-11-01,TWO WHEELER (Invalid Carriage),0
KA,2017-11-01,TWO WHEELER(NT),2
KA,2017-11-01,TWO WHEELER(T),0
KA,2017-12-01,FOUR WHEELER (Invalid Carriage),0
KA,2017-12-01,HEAVY GOODS VEHICLE,0
KA,2017-12-01,HEAVY MOTOR VEHICLE,0
KA,2017-12-01,HEAVY PASSENGER VEHICLE,0
KA,2017-12-01,LIGHT GOODS VEHICLE,0
KA,2017-12-01,LIGHT MOTOR VEHICLE,10
KA,2017-12-01,LIGHT PASSENGER VEHICLE,0
KA,2017-12-01,MEDIUM GOODS VEHICLE,0
KA,2017-12-01,MEDIUM MOTOR VEHICLE,0
KA,2017-12-01,MEDIUM PASSENGER VEHICLE,0
KA,2017-12-01,OTHER THAN MENTIONED ABOVE,0
KA,2017-12-01,THREE WHEELER (Invalid Carriage),0
KA,2017-12-01,THREE WHEELER(NT),0
KA,2017-12-01,THREE WHEELER(T),2
KA,2017-12-01,TWO WHEELER (Invalid Carriage),0
KA,2017-12-01,TWO WHEELER(NT),1
KA,2017-12-01,TWO WHEELER(T),0
KA,2018-01-01,FOUR WHEELER (Invalid Carriage),0
KA,2018-01-01,HEAVY GOODS VEHICLE,0
KA,2018-01-01,HEAVY MOTOR VEHICLE,0
KA,2018-01-01,HEAVY PASSENGER VEHICLE,0
KA,2018-01-01,LIGHT GOODS VEHICLE,0
KA,2018-01-01,LIGHT MOTOR VEHICLE,20
KA,2018-01-01,LIGHT PASSENGER VEHICLE,0
KA,2018-01-01,MEDIUM GOODS VEHICLE,0
KA,2018-01-01,MEDIUM MOTOR VEHICLE,0
KA,2018-01-01,MEDIUM PASSENGER VEHICLE,0
KA,2018-01-01,OTHER THAN MENTIONED ABOVE,0
KA,2018-01-01,THREE WHEELER (Invalid Carriage),0
KA,2018-01-01,THREE WHEELER(NT),0
KA,2018-01-01,THREE WHEELER(T),3
KA,2018-01-01,TWO WHEELER (Invalid Carriage),0
KA,2018-01-01,TWO WHEELER(NT),2
KA,2018-01-01,TWO WHEELER(T),0
KA,2018-02-01,FOUR WHEELER (Invalid Carriage),0
KA,2018-02-01,HEAVY GOODS VEHICLE,0
KA,2018-02-01,HEAVY MOTOR VEHICLE,0
KA,2018-02-01,HEAVY PASSENGER VEHICLE,0
KA,2018-02-01,LIGHT GOODS VEHICLE,0
KA,2018-02-01,LIGHT MOTOR VEHICLE,16
KA,2018-02-01,LIGHT PASSENGER VEHICLE,0
KA,2018-02-01,MEDIUM GOODS VEHICLE,0
KA,2018-02-01,MEDIUM MOTOR VEHICLE,0
KA,2018-02-01,MEDIUM PASSENGER VEHICLE,0
KA,2018-02-01,OTHER THAN MENTIONED ABOVE,0
KA,2018-02-01,THREE WHEELER (Invalid Carriage),0
KA,2018-02-01,THREE WHEELER(NT),0
KA,2018-02-01,THREE WHEELER(T),2
KA,2018-02-01,TWO WHEELER (Invalid Carriage),0
KA,2018-02-01,TWO WHEELER(NT),0
KA,2018-02-01,TWO WHEELER(T),0
KA,2018-03-01,FOUR WHEELER (Invalid Carriage),0
KA,2018-03-01,HEAVY GOODS VEHICLE,0
KA,2018-03-01,HEAVY MOTOR VEHICLE,0
KA,2018-03-01,HEAVY PASSENGER VEHICLE,0
KA,2018-03-01,LIGHT GOODS VEHICLE,1
KA,2018-03-01,LIGHT MOTOR VEHICLE,15
KA,2018-03-01,LIGHT PASSENGER VEHICLE,0
KA,2018-03-01,MEDIUM GOODS VEHICLE,0
KA,2018-03-01,MEDIUM MOTOR VEHICLE,0
KA,2018-03-01,MEDIUM PASSENGER VEHICLE,0
KA,2018-03-01,OTHER THAN MENTIONED ABOVE,0
KA,2018-03-01,THREE WHEELER (Invalid Carriage),0
KA,2018-03-01,THREE WHEELER(NT),0
KA,2018-03-01,THREE WHEELER(T),2
KA,2018-03-01,TWO WHEELER (Invalid Carriage),0
KA,2018-03-01,TWO WHEELER(NT),6
KA,2018-03-01,TWO WHEELER(T),0
KA,2018-04-01,FOUR WHEELER (Invalid Carriage),0
KA,2018-04-01,HEAVY GOODS VEHICLE,0
KA,2018-04-01,HEAVY MOTOR VEHICLE,0
KA,2018-04-01,HEAVY PASSENGER VEHICLE,0
KA,2018-04-01,LIGHT GOODS VEHICLE,0
KA,2018-04-01,LIGHT MOTOR VEHICLE,30
KA,2018-04-01,LIGHT PASSENGER VEHICLE,2
KA,2018-04-01,MEDIUM GOODS VEHICLE,0
KA,2018-04-01,MEDIUM MOTOR VEHICLE,0
KA,2018-04-01,MEDIUM PASSENGER VEHICLE,0
KA,2018-04-01,OTHER THAN MENTIONED ABOVE,0
KA,2018-04-01,THREE WHEELER (Invalid Carriage),0
KA,2018-04-01,THREE WHEELER(NT),1
KA,2018-04-01,THREE WHEELER(T),1
KA,2018-04-01,TWO WHEELER (Invalid Carriage),0
KA,2018-04-01,TWO WHEELER(NT),8
KA,2018-04-01,TWO WHEELER(T),0
KA,2018-05-01,FOUR WHEELER (Invalid Carriage),0
KA,2018-05-01,HEAVY GOODS VEHICLE,0
KA,2018-05-01,HEAVY MOTOR VEHICLE,0
KA,2018-05-01,HEAVY PASSENGER VEHICLE,0
KA,2018-05-01,LIGHT GOODS VEHICLE,0
KA,2018-05-01,LIGHT MOTOR VEHICLE,39
KA,2018-05-01,LIGHT PASSENGER VEHICLE,0
KA,2018-05-01,MEDIUM GOODS VEHICLE,0
KA,2018-05-01,MEDIUM MOTOR VEHICLE,0
KA,2018-05-01,MEDIUM PASSENGER VEHICLE,0
KA,2018-05-01,OTHER THAN MENTIONED ABOVE,0
KA,2018-05-01,THREE WHEELER (Invalid Carriage),0
KA,2018-05-01,THREE WHEELER(NT),0
KA,2018-05-01,THREE WHEELER(T),9
KA,2018-05-01,TWO WHEELER (Invalid Carriage),0
KA,2018-05-01,TWO WHEELER(NT),7
KA,2018-05-01,TWO WHEELER(T),0
KA,2018-06-01,FOUR WHEELER (Invalid Carriage),0
KA,2018-06-01,HEAVY GOODS VEHICLE,0
KA,2018-06-01,HEAVY MOTOR VEHICLE,0
KA,2018-06-01,HEAVY PASSENGER VEHICLE,0
KA,2018-06-01,LIGHT GOODS VEHICLE,0
KA,2018-06-01,LIGHT MOTOR VEHICLE,31
KA,2018-06-01,LIGHT PASSENGER VEHICLE,24
KA,2018-06-01,MEDIUM GOODS VEHICLE,0
KA,2018-06-01,MEDIUM MOTOR VEHICLE,0
KA,2018-06-01,MEDIUM PASSENGER VEHICLE,0
KA,2018-06-01,OTHER THAN MENTIONED ABOVE,0
KA,2018-06-01,THREE WHEELER (Invalid Carriage),0
KA,2018-06-01,THREE WHEELER(NT),0
KA,2018-06-01,THREE WHEELER(T),2
KA,2018-06-01,TWO WHEELER (Invalid Carriage),0
KA,2018-06-01,TWO WHEELER(NT),9
KA,2018-06-01,TWO WHEELER(T),0
KA,2018-07-01,FOUR WHEELER (Invalid Carriage),0
KA,2018-07-01,HEAVY GOODS VEHICLE,0
KA,2018-07-01,HEAVY MOTOR VEHICLE,0
KA,2018-07-01,HEAVY PASSENGER VEHICLE,0
KA,2018-07-01,LIGHT GOODS VEHICLE,0
KA,2018-07-01,LIGHT MOTOR VEHICLE,21
KA,2018-07-01,LIGHT PASSENGER VEHICLE,0
KA,2018-07-01,MEDIUM GOODS VEHICLE,0
KA,2018-07-01,MEDIUM MOTOR VEHICLE,0
KA,2018-07-01,MEDIUM PASSENGER VEHICLE,0
KA,2018-07-01,OTHER THAN MENTIONED ABOVE,0
KA,2018-07-01,THREE WHEELER (Invalid Carriage),0
KA,2018-07-01,THREE WHEELER(NT),0
KA,2018-07-01,THREE WHEELER(T),3
KA,2018-07-01,TWO WHEELER (Invalid Carriage),0
KA,2018-07-01,TWO WHEELER(NT),10
KA,2018-07-01,TWO WHEELER(T),0
KA,2018-08-01,FOUR WHEELER (Invalid Carriage),0
KA,2018-08-01,HEAVY GOODS VEHICLE,0
KA,2018-08-01,HEAVY MOTOR VEHICLE,0
KA,2018-08-01,HEAVY PASSENGER VEHICLE,0
KA,2018-08-01,LIGHT GOODS VEHICLE,0
KA,2018-08-01,LIGHT MOTOR VEHICLE,14
KA,2018-08-01,LIGHT PASSENGER VEHICLE,2
KA,2018-08-01,MEDIUM GOODS VEHICLE,0
KA,2018-08-01,MEDIUM MOTOR VEHICLE,0
KA,2018-08-01,MEDIUM PASSENGER VEHICLE,0
KA,2018-08-01,OTHER THAN MENTIONED ABOVE,0
KA,2018-08-01,THREE WHEELER (Invalid Carriage),0
KA,2018-08-01,THREE WHEELER(NT),0
KA,2018-08-01,THREE WHEELER(T),3
KA,2018-08-01,TWO WHEELER (Invalid Carriage),0
KA,2018-08-01,TWO WHEELER(NT),17
KA,2018-08-01,TWO WHEELER(T),0
KA,2018-09-01,FOUR WHEELER (Invalid Carriage),0
KA,2018-09-01,HEAVY GOODS VEHICLE,0
KA,2018-09-01,HEAVY MOTOR VEHICLE,0
KA,2018-09-01,HEAVY PASSENGER VEHICLE,0
KA,2018-09-01,LIGHT GOODS VEHICLE,0
KA,2018-09-01,LIGHT MOTOR VEHICLE,20
KA,2018-09-01,LIGHT PASSENGER VEHICLE,0
KA,2018-09-01,MEDIUM GOODS VEHICLE,0
KA,2018-09-01,MEDIUM MOTOR VEHICLE,0
KA,2018-09-01,MEDIUM PASSENGER VEHICLE,0
KA,2018-09-01,OTHER THAN MENTIONED ABOVE,0
KA,2018-09-01,THREE WHEELER (Invalid Carriage),0
KA,2018-09-01,THREE WHEELER(NT),0
KA,2018-09-01,THREE WHEELER(T),7
KA,2018-09-01,TWO WHEELER (Invalid Carriage),0
KA,2018-09-01,TWO WHEELER(NT),11
KA,2018-09-01,TWO WHEELER(T),0
KA,2018-10-01,FOUR WHEELER (Invalid Carriage),0
KA,2018-10-01,HEAVY GOODS VEHICLE,0
KA,2018-10-01,HEAVY MOTOR VEHICLE,0
KA,2018-10-01,HEAVY PASSENGER VEHICLE,0
KA,2018-10-01,LIGHT GOODS VEHICLE,0
KA,2018-10-01,LIGHT MOTOR VEHICLE,11
KA,2018-10-01,LIGHT PASSENGER VEHICLE,0
KA,2018-10-01,MEDIUM GOODS VEHICLE,0
KA,2018-10-01,MEDIUM MOTOR VEHICLE,0
KA,2018-10-01,MEDIUM PASSENGER VEHICLE,0
KA,2018-10-01,OTHER THAN MENTIONED ABOVE,0
KA,2018-10-01,THREE WHEELER (Invalid Carriage),0
KA,2018-10-01,THREE WHEELER(NT),0
KA,2018-10-01,THREE WHEELER(T),3
KA,2018-10-01,TWO WHEELER (Invalid Carriage),0
KA,2018-10-01,TWO WHEELER(NT),14
KA,2018-10-01,TWO WHEELER(T),0
KA,2018-11-01,FOUR WHEELER (Invalid Carriage),0
KA,2018-11-01,HEAVY GOODS VEHICLE,0
KA,2018-11-01,HEAVY MOTOR VEHICLE,0
KA,2018-11-01,HEAVY PASSENGER VEHICLE,0
KA,2018-11-01,LIGHT GOODS VEHICLE,0
KA,2018-11-01,LIGHT MOTOR VEHICLE,13
KA,2018-11-01,LIGHT PASSENGER VEHICLE,0
KA,2018-11-01,MEDIUM GOODS VEHICLE,0
KA,2018-11-01,MEDIUM MOTOR VEHICLE,0
KA,2018-11-01,MEDIUM PASSENGER VEHICLE,0
KA,2018-11-01,OTHER THAN MENTIONED ABOVE,0
KA,2018-11-01,THREE WHEELER (Invalid Carriage),0
KA,2018-11-01,THREE WHEELER(NT),0
KA,2018-11-01,THREE WHEELER(T),7
KA,2018-11-01,TWO WHEELER (Invalid Carriage),0
KA,2018-11-01,TWO WHEELER(NT),19
KA,2018-11-01,TWO WHEELER(T),0
KA,2018-12-01,FOUR WHEELER (Invalid Carriage),0
KA,2018-12-01,HEAVY GOODS VEHICLE,0
KA,2018-12-01,HEAVY MOTOR VEHICLE,0
KA,2018-12-01,HEAVY PASSENGER VEHICLE,0
KA,2018-12-01,LIGHT GOODS VEHICLE,0
KA,2018-12-01,LIGHT MOTOR VEHICLE,8
KA,2018-12-01,LIGHT PASSENGER VEHICLE,0
KA,2018-12-01,MEDIUM GOODS VEHICLE,0
KA,2018-12-01,MEDIUM MOTOR VEHICLE,0
KA,2018-12-01,MEDIUM PASSENGER VEHICLE,0
KA,2018-12-01,OTHER THAN MENTIONED ABOVE,0
KA,2018-12-01,THREE WHEELER (Invalid Carriage),0
KA,2018-12-01,THREE WHEELER(NT),0
KA,2018-12-01,THREE WHEELER(T),0
KA,2018-12-01,TWO WHEELER (Invalid Carriage),0
KA,2018-12-01,TWO WHEELER(NT),18
KA,2018-12-01,TWO WHEELER(T),0
KA,2019-01-01,FOUR WHEELER (Invalid Carriage),0
KA,2019-01-01,HEAVY GOODS VEHICLE,0
KA,2019-01-01,HEAVY MOTOR VEHICLE,0
KA,2019-01-01,HEAVY PASSENGER VEHICLE,0
KA,2019-01-01,LIGHT GOODS VEHICLE,0
KA,2019-01-01,LIGHT MOTOR VEHICLE,14
KA,2019-01-01,LIGHT PASSENGER VEHICLE,0
KA,2019-01-01,MEDIUM GOODS VEHICLE,0
KA,2019-01-01,MEDIUM MOTOR VEHICLE,0
KA,2019-01-01,MEDIUM PASSENGER VEHICLE,0
KA,2019-01-01,OTHER THAN MENTIONED ABOVE,0
KA,2019-01-01,THREE WHEELER (Invalid Carriage),0
KA,2019-01-01,THREE WHEELER(NT),0
KA,2019-01-01,THREE WHEELER(T),4
KA,2019-01-01,TWO WHEELER (Invalid Carriage),0
KA,2019-01-01,TWO WHEELER(NT),18
KA,2019-01-01,TWO WHEELER(T),0
KA,2019-02-01,FOUR WHEELER (Invalid Carriage),0
KA,2019-02-01,HEAVY GOODS VEHICLE,0
KA,2019-02-01,HEAVY MOTOR VEHICLE,0
KA,2019-02-01,HEAVY PASSENGER VEHICLE,0
KA,2019-02-01,LIGHT GOODS VEHICLE,0
KA,2019-02-01,LIGHT MOTOR VEHICLE,4
KA,2019-02-01,LIGHT PASSENGER VEHICLE,1
KA,2019-02-01,MEDIUM GOODS VEHICLE,0
KA,2019-02-01,MEDIUM MOTOR VEHICLE,0
KA,2019-02-01,MEDIUM PASSENGER VEHICLE,0
KA,2019-02-01,OTHER THAN MENTIONED ABOVE,0
KA,2019-02-01,THREE WHEELER (Invalid Carriage),0
KA,2019-02-01,THREE WHEELER(NT),0
KA,2019-02-01,THREE WHEELER(T),0
KA,2019-02-01,TWO WHEELER (Invalid Carriage),0
KA,2019-02-01,TWO WHEELER(NT),64
KA,2019-02-01,TWO WHEELER(T),0
KA,2019-03-01,FOUR WHEELER (Invalid Carriage),0
KA,2019-03-01,HEAVY GOODS VEHICLE,0
KA,2019-03-01,HEAVY MOTOR VEHICLE,0
KA,2019-03-01,HEAVY PASSENGER VEHICLE,0
KA,2019-03-01,LIGHT GOODS VEHICLE,0
KA,2019-03-01,LIGHT MOTOR VEHICLE,11
KA,2019-03-01,LIGHT PASSENGER VEHICLE,0
KA,2019-03-01,MEDIUM GOODS VEHICLE,0
KA,2019-03-01,MEDIUM MOTOR VEHICLE,0
KA,2019-03-01,MEDIUM PASSENGER VEHICLE,0
KA,2019-03-01,OTHER THAN MENTIONED ABOVE,0
KA,2019-03-01,THREE WHEELER (Invalid Carriage),0
KA,2019-03-01,THREE WHEELER(NT),0
KA,2019-03-01,THREE WHEELER(T),1
KA,2019-03-01,TWO WHEELER (Invalid Carriage),0
KA,2019-03-01,TWO WHEELER(NT),117
KA,2019-03-01,TWO WHEELER(T),0
KA,2019-04-01,FOUR WHEELER (Invalid Carriage),0
KA,2019-04-01,HEAVY GOODS VEHICLE,0
KA,2019-04-01,HEAVY MOTOR VEHICLE,0
KA,2019-04-01,HEAVY PASSENGER VEHICLE,0
KA,2019-04-01,LIGHT GOODS VEHICLE,0
KA,2019-04-01,LIGHT MOTOR VEHICLE,10
KA,2019-04-01,LIGHT PASSENGER VEHICLE,0
KA,2019-04-01,MEDIUM GOODS VEHICLE,0
KA,2019-04-01,MEDIUM MOTOR VEHICLE,0
KA,2019-04-01,MEDIUM PASSENGER VEHICLE,0
KA,2019-04-01,OTHER THAN MENTIONED ABOVE,0
KA,2019-04-01,THREE WHEELER (Invalid Carriage),0
KA,2019-04-01,THREE WHEELER(NT),0
KA,2019-04-01,THREE WHEELER(T),1
KA,2019-04-01,TWO WHEELER (Invalid Carriage),0
KA,2019-04-01,TWO WHEELER(NT),30
KA,2019-04-01,TWO WHEELER(T),0
KA,2019-05-01,FOUR WHEELER (Invalid Carriage),0
KA,2019-05-01,HEAVY GOODS VEHICLE,0
KA,2019-05-01,HEAVY MOTOR VEHICLE,0
KA,2019-05-01,HEAVY PASSENGER VEHICLE,0
KA,2019-05-01,LIGHT GOODS VEHICLE,0
KA,2019-05-01,LIGHT MOTOR VEHICLE,0
KA,2019-05-01,LIGHT PASSENGER VEHICLE,0
KA,2019-05-01,MEDIUM GOODS VEHICLE,0
KA,2019-05-01,MEDIUM MOTOR VEHICLE,0
KA,2019-05-01,MEDIUM PASSENGER VEHICLE,0
KA,2019-05-01,OTHER THAN MENTIONED ABOVE,0
KA,2019-05-01,THREE WHEELER (Invalid Carriage),0
KA,2019-05-01,THREE WHEELER(NT),0
KA,2019-05-01,THREE WHEELER(T),0
KA,2019-05-01,TWO WHEELER (Invalid Carriage),0
KA,2019-05-01,TWO WHEELER(NT),67
KA,2019-05-01,TWO WHEELER(T),0
KA,2019-06-01,FOUR WHEELER (Invalid Carriage),0
KA,2019-06-01,HEAVY GOODS VEHICLE,0
KA,2019-06-01,HEAVY MOTOR VEHICLE,0
KA,2019-06-01,HEAVY PASSENGER VEHICLE,0
KA,2019-06-01,LIGHT GOODS VEHICLE,0
KA,2019-06-01,LIGHT MOTOR VEHICLE,2
KA,2019-06-01,LIGHT PASSENGER VEHICLE,0
KA,2019-06-01,MEDIUM GOODS VEHICLE,0
KA,2019-06-01,MEDIUM MOTOR VEHICLE,0
KA,2019-06-01,MEDIUM PASSENGER VEHICLE,0
KA,2019-06-01,OTHER THAN MENTIONED ABOVE,0
KA,2019-06-01,THREE WHEELER (Invalid Carriage),0
KA,2019-06-01,THREE WHEELER(NT),0
KA,2019-06-01,THREE WHEELER(T),0
KA,2019-06-01,TWO WHEELER (Invalid Carriage),0
KA,2019-06-01,TWO WHEELER(NT),198
KA,2019-06-01,TWO WHEELER(T),0
KA,2019-07-01,FOUR WHEELER (Invalid Carriage),0
KA,2019-07-01,HEAVY GOODS VEHICLE,0
KA,2019-07-01,HEAVY MOTOR VEHICLE,0
KA,2019-07-01,HEAVY PASSENGER VEHICLE,0
KA,2019-07-01,LIGHT GOODS VEHICLE,0
KA,2019-07-01,LIGHT MOTOR VEHICLE,1
KA,2019-07-01,LIGHT PASSENGER VEHICLE,1
KA,2019-07-01,MEDIUM GOODS VEHICLE,0
KA,2019-07-01,MEDIUM MOTOR VEHICLE,0
KA,2019-07-01,MEDIUM PASSENGER VEHICLE,0
KA,2019-07-01,OTHER THAN MENTIONED ABOVE,0
KA,2019-07-01,THREE WHEELER (Invalid Carriage),0
KA,2019-07-01,THREE WHEELER(NT),0
KA,2019-07-01,THREE WHEELER(T),2
KA,2019-07-01,TWO WHEELER (Invalid Carriage),0
KA,2019-07-01,TWO WHEELER(NT),157
KA,2019-07-01,TWO WHEELER(T),0
KA,2019-08-01,FOUR WHEELER (Invalid Carriage),0
KA,2019-08-01,HEAVY GOODS VEHICLE,0
KA,2019-08-01,HEAVY MOTOR VEHICLE,0
KA,2019-08-01,HEAVY PASSENGER VEHICLE,0
KA,2019-08-01,LIGHT GOODS VEHICLE,0
KA,2019-08-01,LIGHT MOTOR VEHICLE,19
KA,2019-08-01,LIGHT PASSENGER VEHICLE,0
KA,2019-08-01,MEDIUM GOODS VEHICLE,0
KA,2019-08-01,MEDIUM MOTOR VEHICLE,0
KA,2019-08-01,MEDIUM PASSENGER VEHICLE,0
KA,2019-08-01,OTHER THAN MENTIONED ABOVE,0
KA,2019-08-01,THREE WHEELER (Invalid Carriage),0
KA,2019-08-01,THREE WHEELER(NT),0
KA,2019-08-01,THREE WHEELER(T),0
KA,2019-08-01,TWO WHEELER (Invalid Carriage),0
KA,2019-08-01,TWO WHEELER(NT),97
KA,2019-08-01,TWO WHEELER(T),0
KA,2019-09-01,FOUR WHEELER (Invalid Carriage),0
KA,2019-09-01,HEAVY GOODS VEHICLE,0
KA,2019-09-01,HEAVY MOTOR VEHICLE,0
KA,2019-09-01,HEAVY PASSENGER VEHICLE,0
KA,2019-09-01,LIGHT GOODS VEHICLE,0
KA,2019-09-01,LIGHT MOTOR VEHICLE,10
KA,2019-09-01,LIGHT PASSENGER VEHICLE,0
KA,2019-09-01,MEDIUM GOODS VEHICLE,0
KA,2019-09-01,MEDIUM MOTOR VEHICLE,0
KA,2019-09-01,MEDIUM PASSENGER VEHICLE,0
KA,2019-09-01,OTHER THAN MENTIONED ABOVE,0
KA,2019-09-01,THREE WHEELER (Invalid Carriage),0
KA,2019-09-01,THREE WHEELER(NT),0
KA,2019-09-01,THREE WHEELER(T),3
KA,2019-09-01,TWO WHEELER (Invalid Carriage),0
KA,2019-09-01,TWO WHEELER(NT),63
KA,2019-09-01,TWO WHEELER(T),0
KA,2019-10-01,FOUR WHEELER (Invalid Carriage),0
KA,2019-10-01,HEAVY GOODS VEHICLE,0
KA,2019-10-01,HEAVY MOTOR VEHICLE,0
KA,2019-10-01,HEAVY PASSENGER VEHICLE,0
KA,2019-10-01,LIGHT GOODS VEHICLE,0
KA,2019-10-01,LIGHT MOTOR VEHICLE,14
KA,2019-10-01,LIGHT PASSENGER VEHICLE,0
KA,2019-10-01,MEDIUM GOODS VEHICLE,0
KA,2019-10-01,MEDIUM MOTOR VEHICLE,0
KA,2019-10-01,MEDIUM PASSENGER VEHICLE,0
KA,2019-10-01,OTHER THAN MENTIONED ABOVE,0
KA,2019-10-01,THREE WHEELER (Invalid Carriage),0
KA,2019-10-01,THREE WHEELER(NT),0
KA,2019-10-01,THREE WHEELER(T),4
KA,2019-10-01,TWO WHEELER (Invalid Carriage),0
KA,2019-10-01,TWO WHEELER(NT),70
KA,2019-10-01,TWO WHEELER(T),0
KA,2019-11-01,FOUR WHEELER (Invalid Carriage),0
KA,2019-11-01,HEAVY GOODS VEHICLE,0
KA,2019-11-01,HEAVY MOTOR VEHICLE,0
KA,2019-11-01,HEAVY PASSENGER VEHICLE,0
KA,2019-11-01,LIGHT GOODS VEHICLE,0
KA,2019-11-01,LIGHT MOTOR VEHICLE,20
KA,2019-11-01,LIGHT PASSENGER VEHICLE,7
KA,2019-11-01,MEDIUM GOODS VEHICLE,0
KA,2019-11-01,MEDIUM MOTOR VEHICLE,0
KA,2019-11-01,MEDIUM PASSENGER VEHICLE,0
KA,2019-11-01,OTHER THAN MENTIONED ABOVE,0
KA,2019-11-01,THREE WHEELER (Invalid Carriage),0
KA,2019-11-01,THREE WHEELER(NT),0
KA,2019-11-01,THREE WHEELER(T),1
KA,2019-11-01,TWO WHEELER (Invalid Carriage),0
KA,2019-11-01,TWO WHEELER(NT),161
KA,2019-11-01,TWO WHEELER(T),0
KA,2019-12-01,FOUR WHEELER (Invalid Carriage),0
KA,2019-12-01,HEAVY GOODS VEHICLE,0
KA,2019-12-01,HEAVY MOTOR VEHICLE,0
KA,2019-12-01,HEAVY PASSENGER VEHICLE,0
KA,2019-12-01,LIGHT GOODS VEHICLE,0
KA,2019-12-01,LIGHT MOTOR VEHICLE,5
KA,2019-12-01,LIGHT PASSENGER VEHICLE,0
KA,2019-12-01,MEDIUM GOODS VEHICLE,0
KA,2019-12-01,MEDIUM MOTOR VEHICLE,0
KA,2019-12-01,MEDIUM PASSENGER VEHICLE,0
KA,2019-12-01,OTHER THAN MENTIONED ABOVE,0
KA,2019-12-01,THREE WHEELER (Invalid Carriage),0
KA,2019-12-01,THREE WHEELER(NT),0
KA,2019-12-01,THREE WHEELER(T),1
KA,2019-12-01,TWO WHEELER (Invalid Carriage),1
KA,2019-12-01,TWO WHEELER(NT),126
KA,2019-12-01,TWO WHEELER(T),0
KA,2020-01-01,FOUR WHEELER (Invalid Carriage),0
KA,2020-01-01,HEAVY GOODS VEHICLE,0
KA,2020-01-01,HEAVY MOTOR VEHICLE,0
KA,2020-01-01,HEAVY PASSENGER VEHICLE,0
KA,2020-01-01,LIGHT GOODS VEHICLE,0
KA,2020-01-01,LIGHT MOTOR VEHICLE,14
KA,2020-01-01,LIGHT PASSENGER VEHICLE,1
KA,2020-01-01,MEDIUM GOODS VEHICLE,0
KA,2020-01-01,MEDIUM MOTOR VEHICLE,0
KA,2020-01-01,MEDIUM PASSENGER VEHICLE,0
KA,2020-01-01,OTHER THAN MENTIONED ABOVE,0
KA,2020-01-01,THREE WHEELER (Invalid Carriage),0
KA,2020-01-01,THREE WHEELER(NT),0
KA,2020-01-01,THREE WHEELER(T),0
KA,2020-01-01,TWO WHEELER (Invalid Carriage),0
KA,2020-01-01,TWO WHEELER(NT),102
KA,2020-01-01,TWO WHEELER(T),0
KA,2020-02-01,FOUR WHEELER (Invalid Carriage),0
KA,2020-02-01,HEAVY GOODS VEHICLE,0
KA,2020-02-01,HEAVY MOTOR VEHICLE,0
KA,2020-02-01,HEAVY PASSENGER VEHICLE,0
KA,2020-02-01,LIGHT GOODS VEHICLE,0
KA,2020-02-01,LIGHT MOTOR VEHICLE,14
KA,2020-02-01,LIGHT PASSENGER VEHICLE,2
KA,2020-02-01,MEDIUM GOODS VEHICLE,0
KA,2020-02-01,MEDIUM MOTOR VEHICLE,0
KA,2020-02-01,MEDIUM PASSENGER VEHICLE,0
KA,2020-02-01,OTHER THAN MENTIONED ABOVE,0
KA,2020-02-01,THREE WHEELER (Invalid Carriage),0
KA,2020-02-01,THREE WHEELER(NT),1
KA,2020-02-01,THREE WHEELER(T),1
KA,2020-02-01,TWO WHEELER (Invalid Carriage),0
KA,2020-02-01,TWO WHEELER(NT),187
KA,2020-02-01,TWO WHEELER(T),0
KA,2020-03-01,FOUR WHEELER (Invalid Carriage),0
KA,2020-03-01,HEAVY GOODS VEHICLE,0
KA,2020-03-01,HEAVY MOTOR VEHICLE,0
KA,2020-03-01,HEAVY PASSENGER VEHICLE,0
KA,2020-03-01,LIGHT GOODS VEHICLE,1
KA,2020-03-01,LIGHT MOTOR VEHICLE,41
KA,2020-03-01,LIGHT PASSENGER VEHICLE,2
KA,2020-03-01,MEDIUM GOODS VEHICLE,0
KA,2020-03-01,MEDIUM MOTOR VEHICLE,0
KA,2020-03-01,MEDIUM PASSENGER VEHICLE,0
KA,2020-03-01,OTHER THAN MENTIONED ABOVE,0
KA,2020-03-01,THREE WHEELER (Invalid Carriage),0
KA,2020-03-01,THREE WHEELER(NT),2
KA,2020-03-01,THREE WHEELER(T),2
KA,2020-03-01,TWO WHEELER (Invalid Carriage),0
KA,2020-03-01,TWO WHEELER(NT),175
KA,2020-03-01,TWO WHEELER(T),0
KA,2020-04-01,FOUR WHEELER (Invalid Carriage),0
KA,2020-04-01,HEAVY GOODS VEHICLE,0
KA,2020-04-01,HEAVY MOTOR VEHICLE,0
KA,2020-04-01,HEAVY PASSENGER VEHICLE,0
KA,2020-04-01,LIGHT GOODS VEHICLE,0
KA,2020-04-01,LIGHT MOTOR VEHICLE,0
KA,2020-04-01,LIGHT PASSENGER VEHICLE,0
KA,2020-04-01,MEDIUM GOODS VEHICLE,0
KA,2020-04-01,MEDIUM MOTOR VEHICLE,0
KA,2020-04-01,MEDIUM PASSENGER VEHICLE,0
KA,2020-04-01,OTHER THAN MENTIONED ABOVE,0
KA,2020-04-01,THREE WHEELER (Invalid Carriage),0
KA,2020-04-01,THREE WHEELER(NT),0
KA,2020-04-01,THREE WHEELER(T),0
KA,2020-04-01,TWO WHEELER (Invalid Carriage),0
KA,2020-04-01,TWO WHEELER(NT),1
KA,2020-04-01,TWO WHEELER(T),0
KA,2020-05-01,FOUR WHEELER (Invalid Carriage),0
KA,2020-05-01,HEAVY GOODS VEHICLE,0
KA,2020-05-01,HEAVY MOTOR VEHICLE,0
KA,2020-05-01,HEAVY PASSENGER VEHICLE,0
KA,2020-05-01,LIGHT GOODS VEHICLE,0
KA,2020-05-01,LIGHT MOTOR VEHICLE,23
KA,2020-05-01,LIGHT PASSENGER VEHICLE,0
KA,2020-05-01,MEDIUM GOODS VEHICLE,0
KA,2020-05-01,MEDIUM MOTOR VEHICLE,0
KA,2020-05-01,MEDIUM PASSENGER VEHICLE,0
KA,2020-05-01,OTHER THAN MENTIONED ABOVE,0
KA,2020-05-01,THREE WHEELER (Invalid Carriage),0
KA,2020-05-01,THREE WHEELER(NT),0
KA,2020-05-01,THREE WHEELER(T),0
KA,2020-05-01,TWO WHEELER (Invalid Carriage),0
KA,2020-05-01,TWO WHEELER(NT),113
KA,2020-05-01,TWO WHEELER(T),0
KA,2020-06-01,FOUR WHEELER (Invalid Carriage),0
KA,2020-06-01,HEAVY GOODS VEHICLE,0
KA,2020-06-01,HEAVY MOTOR VEHICLE,0
KA,2020-06-01,HEAVY PASSENGER VEHICLE,0
KA,2020-06-01,LIGHT GOODS VEHICLE,0
KA,2020-06-01,LIGHT MOTOR VEHICLE,55
KA,2020-06-01,LIGHT PASSENGER VEHICLE,0
KA,2020-06-01,MEDIUM GOODS VEHICLE,0
KA,2020-06-01,MEDIUM MOTOR VEHICLE,0
KA,2020-06-01,MEDIUM PASSENGER VEHICLE,0
KA,2020-06-01,OTHER THAN MENTIONED ABOVE,0
KA,2020-06-01,THREE WHEELER (Invalid Carriage),0
KA,2020-06-01,THREE WHEELER(NT),0
KA,2020-06-01,THREE WHEELER(T),0
KA,2020-06-01,TWO WHEELER (Invalid Carriage),0
KA,2020-06-01,TWO WHEELER(NT),104
KA,2020-06-01,TWO WHEELER(T),0
KA,2020-07-01,FOUR WHEELER (Invalid Carriage),0
KA,2020-07-01,HEAVY GOODS VEHICLE,0
KA,2020-07-01,HEAVY MOTOR VEHICLE,0
KA,2020-07-01,HEAVY PASSENGER VEHICLE,0
KA,2020-07-01,LIGHT GOODS VEHICLE,0
KA,2020-07-01,LIGHT MOTOR VEHICLE,49
KA,2020-07-01,LIGHT PASSENGER VEHICLE,1
KA,2020-07-01,MEDIUM GOODS VEHICLE,0
KA,2020-07-01,MEDIUM MOTOR VEHICLE,0
KA,2020-07-01,MEDIUM PASSENGER VEHICLE,0
KA,2020-07-01,OTHER THAN MENTIONED ABOVE,0
KA,2020-07-01,THREE WHEELER (Invalid Carriage),0
KA,2020-07-01,THREE WHEELER(NT),0
KA,2020-07-01,THREE WHEELER(T),0
KA,2020-07-01,TWO WHEELER (Invalid Carriage),0
KA,2020-07-01,TWO WHEELER(NT),125
KA,2020-07-01,TWO WHEELER(T),0
KA,2020-08-01,FOUR WHEELER (Invalid Carriage),0
KA,2020-08-01,HEAVY GOODS VEHICLE,0
KA,2020-08-01,HEAVY MOTOR VEHICLE,0
KA,2020-08-01,HEAVY PASSENGER VEHICLE,0
KA,2020-08-01,LIGHT GOODS VEHICLE,0
KA,2020-08-01,LIGHT MOTOR VEHICLE,53
KA,2020-08-01,LIGHT PASSENGER VEHICLE,0
KA,2020-08-01,MEDIUM GOODS VEHICLE,0
KA,2020-08-01,MEDIUM MOTOR VEHICLE,0
KA,2020-08-01,MEDIUM PASSENGER VEHICLE,0
KA,2020-08-01,OTHER THAN MENTIONED ABOVE,0
KA,2020-08-01,THREE WHEELER (Invalid Carriage),0
KA,2020-08-01,THREE WHEELER(NT),0
KA,2020-08-01,THREE WHEELER(T),3
KA,2020-08-01,TWO WHEELER (Invalid Carriage),0
KA,2020-08-01,TWO WHEELER(NT),143
KA,2020-08-01,TWO WHEELER(T),0
KA,2020-09-01,FOUR WHEELER (Invalid Carriage),0
KA,2020-09-01,HEAVY GOODS VEHICLE,0
KA,2020-09-01,HEAVY MOTOR VEHICLE,0
KA,2020-09-01,HEAVY PASSENGER VEHICLE,0
KA,2020-09-01,LIGHT GOODS VEHICLE,0
KA,2020-09-01,LIGHT MOTOR VEHICLE,38
KA,2020-09-01,LIGHT PASSENGER VEHICLE,1
KA,2020-09-01,MEDIUM GOODS VEHICLE,0
KA,2020-09-01,MEDIUM MOTOR VEHICLE,0
KA,2020-09-01,MEDIUM PASSENGER VEHICLE,0
KA,2020-09-01,OTHER THAN MENTIONED ABOVE,0
KA,2020-09-01,THREE WHEELER (Invalid Carriage),0
KA,2020-09-01,THREE WHEELER(NT),0
KA,2020-09-01,THREE WHEELER(T),1
KA,2020-09-01,TWO WHEELER (Invalid Carriage),0
KA,2020-09-01,TWO WHEELER(NT),209
KA,2020-09-01,TWO WHEELER(T),0
KA,2020-10-01,FOUR WHEELER (Invalid Carriage),0
KA,2020-10-01,HEAVY GOODS VEHICLE,0
KA,2020-10-01,HEAVY MOTOR VEHICLE,0
KA,2020-10-01,HEAVY PASSENGER VEHICLE,0
KA,2020-10-01,LIGHT GOODS VEHICLE,0
KA,2020-10-01,LIGHT MOTOR VEHICLE,57
KA,2020-10-01,LIGHT PASSENGER VEHICLE,1
KA,2020-10-01,MEDIUM GOODS VEHICLE,0
KA,2020-10-01,MEDIUM MOTOR VEHICLE,0
KA,2020-10-01,MEDIUM PASSENGER VEHICLE,0
KA,2020-10-01,OTHER THAN MENTIONED ABOVE,0
KA,2020-10-01,THREE WHEELER (Invalid Carriage),0
KA,2020-10-01,THREE WHEELER(NT),0
KA,2020-10-01,THREE WHEELER(T),3
KA,2020-10-01,TWO WHEELER (Invalid Carriage),0
KA,2020-10-01,TWO WHEELER(NT),244
KA,2020-10-01,TWO WHEELER(T),0
KA,2020-11-01,FOUR WHEELER (Invalid Carriage),0
KA,2020-11-01,HEAVY GOODS VEHICLE,0
KA,2020-11-01,HEAVY MOTOR VEHICLE,0
KA,2020-11-01,HEAVY PASSENGER VEHICLE,0
KA,2020-11-01,LIGHT GOODS VEHICLE,0
KA,2020-11-01,LIGHT MOTOR VEHICLE,66
KA,2020-11-01,LIGHT PASSENGER VEHICLE,2
KA,2020-11-01,MEDIUM GOODS VEHICLE,0
KA,2020-11-01,MEDIUM MOTOR VEHICLE,0
KA,2020-11-01,MEDIUM PASSENGER VEHICLE,0
KA,2020-11-01,OTHER THAN MENTIONED ABOVE,0
KA,2020-11-01,THREE WHEELER (Invalid Carriage),0
KA,2020-11-01,THREE WHEELER(NT),0
KA,2020-11-01,THREE WHEELER(T),2
KA,2020-11-01,TWO WHEELER (Invalid Carriage),0
KA,2020-11-01,TWO WHEELER(NT),316
KA,2020-11-01,TWO WHEELER(T),0
KA,2020-12-01,FOUR WHEELER (Invalid Carriage),0
KA,2020-12-01,HEAVY GOODS VEHICLE,0
KA,2020-12-01,HEAVY MOTOR VEHICLE,0
KA,2020-12-01,HEAVY PASSENGER VEHICLE,0
KA,2020-12-01,LIGHT GOODS VEHICLE,0
KA,2020-12-01,LIGHT MOTOR VEHICLE,51
KA,2020-12-01,LIGHT PASSENGER VEHICLE,0
KA,2020-12-01,MEDIUM GOODS VEHICLE,0
KA,2020-12-01,MEDIUM MOTOR VEHICLE,0
KA,2020-12-01,MEDIUM PASSENGER VEHICLE,0
KA,2020-12-01,OTHER THAN MENTIONED ABOVE,0
KA,2020-12-01,THREE WHEELER (Invalid Carriage),0
KA,2020-12-01,THREE WHEELER(NT),0
KA,2020-12-01,THREE WHEELER(T),6
KA,2020-12-01,TWO WHEELER (Invalid Carriage),0
KA,2020-12-01,TWO WHEELER(NT),391
KA,2020-12-01,TWO WHEELER(T),0
KA,2021-01-01,FOUR WHEELER (Invalid Carriage),0
KA,2021-01-01,HEAVY GOODS VEHICLE,0
KA,2021-01-01,HEAVY MOTOR VEHICLE,0
KA,2021-01-01,HEAVY PASSENGER VEHICLE,0
KA,2021-01-01,LIGHT GOODS VEHICLE,0
KA,2021-01-01,LIGHT MOTOR VEHICLE,66
KA,2021-01-01,LIGHT PASSENGER VEHICLE,11
KA,2021-01-01,MEDIUM GOODS VEHICLE,0
KA,2021-01-01,MEDIUM MOTOR VEHICLE,0
KA,2021-01-01,MEDIUM PASSENGER VEHICLE,0
KA,2021-01-01,OTHER THAN MENTIONED ABOVE,0
KA,2021-01-01,THREE WHEELER (Invalid Carriage),0
KA,2021-01-01,THREE WHEELER(NT),0
KA,2021-01-01,THREE WHEELER(T),4
KA,2021-01-01,TWO WHEELER (Invalid Carriage),0
KA,2021-01-01,TWO WHEELER(NT),442
KA,2021-01-01,TWO WHEELER(T),0
KA,2021-02-01,FOUR WHEELER (Invalid Carriage),0
KA,2021-02-01,HEAVY GOODS VEHICLE,0
KA,2021-02-01,HEAVY MOTOR VEHICLE,0
KA,2021-02-01,HEAVY PASSENGER VEHICLE,2
KA,2021-02-01,LIGHT GOODS VEHICLE,0
KA,2021-02-01,LIGHT MOTOR VEHICLE,66
KA,2021-02-01,LIGHT PASSENGER VEHICLE,1
KA,2021-02-01,MEDIUM GOODS VEHICLE,0
KA,2021-02-01,MEDIUM MOTOR VEHICLE,0
KA,2021-02-01,MEDIUM PASSENGER VEHICLE,0
KA,2021-02-01,OTHER THAN MENTIONED ABOVE,0
KA,2021-02-01,THREE WHEELER (Invalid Carriage),0
KA,2021-02-01,THREE WHEELER(NT),0
KA,2021-02-01,THREE WHEELER(T),11
KA,2021-02-01,TWO WHEELER (Invalid Carriage),0
KA,2021-02-01,TWO WHEELER(NT),526
KA,2021-02-01,TWO WHEELER(T),0
KA,2021-03-01,FOUR WHEELER (Invalid Carriage),0
KA,2021-03-01,HEAVY GOODS VEHICLE,0
KA,2021-03-01,HEAVY MOTOR VEHICLE,0
KA,2021-03-01,HEAVY PASSENGER VEHICLE,0
KA,2021-03-01,LIGHT GOODS VEHICLE,0
KA,2021-03-01,LIGHT MOTOR VEHICLE,103
KA,2021-03-01,LIGHT PASSENGER VEHICLE,0
KA,2021-03-01,MEDIUM GOODS VEHICLE,0
KA,2021-03-01,MEDIUM MOTOR VEHICLE,0
KA,2021-03-01,MEDIUM PASSENGER VEHICLE,0
KA,2021-03-01,OTHER THAN MENTIONED ABOVE,0
KA,2021-03-01,THREE WHEELER (Invalid Carriage),0
KA,2021-03-01,THREE WHEELER(NT),1
KA,2021-03-01,THREE WHEELER(T),11
KA,2021-03-01,TWO WHEELER (Invalid Carriage),0
KA,2021-03-01,TWO WHEELER(NT),734
KA,2021-03-01,TWO WHEELER(T),0
KA,2021-04-01,FOUR WHEELER (Invalid Carriage),0
KA,2021-04-01,HEAVY GOODS VEHICLE,0
KA,2021-04-01,HEAVY MOTOR VEHICLE,0
KA,2021-04-01,HEAVY PASSENGER VEHICLE,0
KA,2021-04-01,LIGHT GOODS VEHICLE,0
KA,2021-04-01,LIGHT MOTOR VEHICLE,82
KA,2021-04-01,LIGHT PASSENGER VEHICLE,0
KA,2021-04-01,MEDIUM GOODS VEHICLE,0
KA,2021-04-01,MEDIUM MOTOR VEHICLE,0
KA,2021-04-01,MEDIUM PASSENGER VEHICLE,0
KA,2021-04-01,OTHER THAN MENTIONED ABOVE,0
KA,2021-04-01,THREE WHEELER (Invalid Carriage),0
KA,2021-04-01,THREE WHEELER(NT),0
KA,2021-04-01,THREE WHEELER(T),27
KA,2021-04-01,TWO WHEELER (Invalid Carriage),0
KA,2021-04-01,TWO WHEELER(NT),555
KA,2021-04-01,TWO WHEELER(T),0
KA,2021-05-01,FOUR WHEELER (Invalid Carriage),0
KA,2021-05-01,HEAVY GOODS VEHICLE,0
KA,2021-05-01,HEAVY MOTOR VEHICLE,0
KA,2021-05-01,HEAVY PASSENGER VEHICLE,0
KA,2021-05-01,LIGHT GOODS VEHICLE,0
KA,2021-05-01,LIGHT MOTOR VEHICLE,2
KA,2021-05-01,LIGHT PASSENGER VEHICLE,0
KA,2021-05-01,MEDIUM GOODS VEHICLE,0
KA,2021-05-01,MEDIUM MOTOR VEHICLE,0
KA,2021-05-01,MEDIUM PASSENGER VEHICLE,0
KA,2021-05-01,OTHER THAN MENTIONED ABOVE,0
KA,2021-05-01,THREE WHEELER (Invalid Carriage),0
KA,2021-05-01,THREE WHEELER(NT),0
KA,2021-05-01,THREE WHEELER(T),0
KA,2021-05-01,TWO WHEELER (Invalid Carriage),0
KA,2021-05-01,TWO WHEELER(NT),24
KA,2021-05-01,TWO WHEELER(T),0
KA,2021-06-01,FOUR WHEELER (Invalid Carriage),0
KA,2021-06-01,HEAVY GOODS VEHICLE,0
KA,2021-06-01,HEAVY MOTOR VEHICLE,0
KA,2021-06-01,HEAVY PASSENGER VEHICLE,0
KA,2021-06-01,LIGHT GOODS VEHICLE,0
KA,2021-06-01,LIGHT MOTOR VEHICLE,64
KA,2021-06-01,LIGHT PASSENGER VEHICLE,1
KA,2021-06-01,MEDIUM GOODS VEHICLE,0
KA,2021-06-01,MEDIUM MOTOR VEHICLE,0
KA,2021-06-01,MEDIUM PASSENGER VEHICLE,0
KA,2021-06-01,OTHER THAN MENTIONED ABOVE,0
KA,2021-06-01,THREE WHEELER (Invalid Carriage),0
KA,2021-06-01,THREE WHEELER(NT),1
KA,2021-06-01,THREE WHEELER(T),3
KA,2021-06-01,TWO WHEELER (Invalid Carriage),0
KA,2021-06-01,TWO WHEELER(NT),153
KA,2021-06-01,TWO WHEELER(T),0
KA,2021-07-01,FOUR WHEELER (Invalid Carriage),0
KA,2021-07-01,HEAVY GOODS VEHICLE,0
KA,2021-07-01,HEAVY MOTOR VEHICLE,0
KA,2021-07-01,HEAVY PASSENGER VEHICLE,1
KA,2021-07-01,LIGHT GOODS VEHICLE,1
KA,2021-07-01,LIGHT MOTOR VEHICLE,141
KA,2021-07-01,LIGHT PASSENGER VEHICLE,2
KA,2021-07-01,MEDIUM GOODS VEHICLE,0
KA,2021-07-01,MEDIUM MOTOR VEHICLE,0
KA,2021-07-01,MEDIUM PASSENGER VEHICLE,0
KA,2021-07-01,OTHER THAN MENTIONED ABOVE,0
KA,2021-07-01,THREE WHEELER (Invalid Carriage),0
KA,2021-07-01,THREE WHEELER(NT),1
KA,2021-07-01,THREE WHEELER(T),44
KA,2021-07-01,TWO WHEELER (Invalid Carriage),0
KA,2021-07-01,TWO WHEELER(NT),1124
KA,2021-07-01,TWO WHEELER(T),0
KA,2021-08-01,FOUR WHEELER (Invalid Carriage),0
KA,2021-08-01,HEAVY GOODS VEHICLE,0
KA,2021-08-01,HEAVY MOTOR VEHICLE,0
KA,2021-08-01,HEAVY PASSENGER VEHICLE,0
KA,2021-08-01,LIGHT GOODS VEHICLE,0
KA,2021-08-01,LIGHT MOTOR VEHICLE,119
KA,2021-08-01,LIGHT PASSENGER VEHICLE,1
KA,2021-08-01,MEDIUM GOODS VEHICLE,0
KA,2021-08-01,MEDIUM MOTOR VEHICLE,0
KA,2021-08-01,MEDIUM PASSENGER VEHICLE,0
KA,2021-08-01,OTHER THAN MENTIONED ABOVE,0
KA,2021-08-01,THREE WHEELER (Invalid Carriage),0
KA,2021-08-01,THREE WHEELER(NT),0
KA,2021-08-01,THREE WHEELER(T),67
KA,2021-08-01,TWO WHEELER (Invalid Carriage),0
KA,2021-08-01,TWO WHEELER(NT),883
KA,2021-08-01,TWO WHEELER(T),0
KA,2021-09-01,FOUR WHEELER (Invalid Carriage),0
KA,2021-09-01,HEAVY GOODS VEHICLE,0
KA,2021-09-01,HEAVY MOTOR VEHICLE,0
KA,2021-09-01,HEAVY PASSENGER VEHICLE,0
KA,2021-09-01,LIGHT GOODS VEHICLE,1
KA,2021-09-01,LIGHT MOTOR VEHICLE,117
KA,2021-09-01,LIGHT PASSENGER VEHICLE,7
KA,2021-09-01,MEDIUM GOODS VEHICLE,0
KA,2021-09-01,MEDIUM MOTOR VEHICLE,0
KA,2021-09-01,MEDIUM PASSENGER VEHICLE,0
KA,2021-09-01,OTHER THAN MENTIONED ABOVE,0
KA,2021-09-01,THREE WHEELER (Invalid Carriage),0
KA,2021-09-01,THREE WHEELER(NT),1
KA,2021-09-01,THREE WHEELER(T),105
KA,2021-09-01,TWO WHEELER (Invalid Carriage),0
KA,2021-09-01,TWO WHEELER(NT),1475
KA,2021-09-01,TWO WHEELER(T),0
KA,2021-10-01,FOUR WHEELER (Invalid Carriage),0
KA,2021-10-01,HEAVY GOODS VEHICLE,0
KA,2021-10-01,HEAVY MOTOR VEHICLE,0
KA,2021-10-01,HEAVY PASSENGER VEHICLE,5
KA,2021-10-01,LIGHT GOODS VEHICLE,0
KA,2021-10-01,LIGHT MOTOR VEHICLE,129
KA,2021-10-01,LIGHT PASSENGER VEHICLE,4
KA,2021-10-01,MEDIUM GOODS VEHICLE,0
KA,2021-10-01,MEDIUM MOTOR VEHICLE,0
KA,2021-10-01,MEDIUM PASSENGER VEHICLE,0
KA,2021-10-01,OTHER THAN MENTIONED ABOVE,0
KA,2021-10-01,THREE WHEELER (Invalid Carriage),0
KA,2021-10-01,THREE WHEELER(NT),2
KA,2021-10-01,THREE WHEELER(T),105
KA,2021-10-01,TWO WHEELER (Invalid Carriage),0
KA,2021-10-01,TWO WHEELER(NT),3045
KA,2021-10-01,TWO WHEELER(T),0
KA,2021-11-01,FOUR WHEELER (Invalid Carriage),0
KA,2021-11-01,HEAVY GOODS VEHICLE,0
KA,2021-11-01,HEAVY MOTOR VEHICLE,0
KA,2021-11-01,HEAVY PASSENGER VEHICLE,0
KA,2021-11-01,LIGHT GOODS VEHICLE,1
KA,2021-11-01,LIGHT MOTOR VEHICLE,128
KA,2021-11-01,LIGHT PASSENGER VEHICLE,0
KA,2021-11-01,MEDIUM GOODS VEHICLE,0
KA,2021-11-01,MEDIUM MOTOR VEHICLE,0
KA,2021-11-01,MEDIUM PASSENGER VEHICLE,0
KA,2021-11-01,OTHER THAN MENTIONED ABOVE,0
KA,2021-11-01,THREE WHEELER (Invalid Carriage),0
KA,2021-11-01,THREE WHEELER(NT),0
KA,2021-11-01,THREE WHEELER(T),114
KA,2021-11-01,TWO WHEELER (Invalid Carriage),0
KA,2021-11-01,TWO WHEELER(NT),3168
KA,2021-11-01,TWO WHEELER(T),0
KA,2021-12-01,FOUR WHEELER (Invalid Carriage),0
KA,2021-12-01,HEAVY GOODS VEHICLE,0
KA,2021-12-01,HEAVY MOTOR VEHICLE,0
KA,2021-12-01,HEAVY PASSENGER VEHICLE,20
KA,2021-12-01,LIGHT GOODS VEHICLE,0
KA,2021-12-01,LIGHT MOTOR VEHICLE,114
KA,2021-12-01,LIGHT PASSENGER VEHICLE,9
KA,2021-12-01,MEDIUM GOODS VEHICLE,0
KA,2021-12-01,MEDIUM MOTOR VEHICLE,0
KA,2021-12-01,MEDIUM PASSENGER VEHICLE,0
KA,2021-12-01,OTHER THAN MENTIONED ABOVE,0
KA,2021-12-01,THREE WHEELER (Invalid Carriage),0
KA,2021-12-01,THREE WHEELER(NT),2
KA,2021-12-01,THREE WHEELER(T),101
KA,2021-12-01,TWO WHEELER (Invalid Carriage),0
KA,2021-12-01,TWO WHEELER(NT),3861
KA,2021-12-01,TWO WHEELER(T),0
KA,2022-01-01,FOUR WHEELER (Invalid Carriage),0
KA,2022-01-01,HEAVY GOODS VEHICLE,0
KA,2022-01-01,HEAVY MOTOR VEHICLE,0
KA,2022-01-01,HEAVY PASSENGER VEHICLE,20
KA,2022-01-01,LIGHT GOODS VEHICLE,0
KA,2022-01-01,LIGHT MOTOR VEHICLE,163
KA,2022-01-01,LIGHT PASSENGER VEHICLE,5
KA,2022-01-01,MEDIUM GOODS VEHICLE,0
KA,2022-01-01,MEDIUM MOTOR VEHICLE,0
KA,2022-01-01,MEDIUM PASSENGER VEHICLE,0
KA,2022-01-01,OTHER THAN MENTIONED ABOVE,0
KA,2022-01-01,THREE WHEELER (Invalid Carriage),0
KA,2022-01-01,THREE WHEELER(NT),1
KA,2022-01-01,THREE WHEELER(T),104
KA,2022-01-01,TWO WHEELER (Invalid Carriage),0
KA,2022-01-01,TWO WHEELER(NT),3728
KA,2022-01-01,TWO WHEELER(T),0
KA,2022-02-01,FOUR WHEELER (Invalid Carriage),0
KA,2022-02-01,HEAVY GOODS VEHICLE,0
KA,2022-02-01,HEAVY MOTOR VEHICLE,0
KA,2022-02-01,HEAVY PASSENGER VEHICLE,10
KA,2022-02-01,LIGHT GOODS VEHICLE,0
KA,2022-02-01,LIGHT MOTOR VEHICLE,187
KA,2022-02-01,LIGHT PASSENGER VEHICLE,4
KA,2022-02-01,MEDIUM GOODS VEHICLE,0
KA,2022-02-01,MEDIUM MOTOR VEHICLE,0
KA,2022-02-01,MEDIUM PASSENGER VEHICLE,0
KA,2022-02-01,OTHER THAN MENTIONED ABOVE,0
KA,2022-02-01,THREE WHEELER (Invalid Carriage),0
KA,2022-02-01,THREE WHEELER(NT),0
KA,2022-02-01,THREE WHEELER(T),66
KA,2022-02-01,TWO WHEELER (Invalid Carriage),0
KA,2022-02-01,TWO WHEELER(NT),4944
KA,2022-02-01,TWO WHEELER(T),1
KA,2022-03-01,FOUR WHEELER (Invalid Carriage),0
KA,2022-03-01,HEAVY GOODS VEHICLE,0
KA,2022-03-01,HEAVY MOTOR VEHICLE,0
KA,2022-03-01,HEAVY PASSENGER VEHICLE,34
KA,2022-03-01,LIGHT GOODS VEHICLE,0
KA,2022-03-01,LIGHT MOTOR VEHICLE,203
KA,2022-03-01,LIGHT PASSENGER VEHICLE,7
KA,2022-03-01,MEDIUM GOODS VEHICLE,0
KA,2022-03-01,MEDIUM MOTOR VEHICLE,0
KA,2022-03-01,MEDIUM PASSENGER VEHICLE,0
KA,2022-03-01,OTHER THAN MENTIONED ABOVE,0
KA,2022-03-01,THREE WHEELER (Invalid Carriage),0
KA,2022-03-01,THREE WHEELER(NT),0
KA,2022-03-01,THREE WHEELER(T),82
KA,2022-03-01,TWO WHEELER (Invalid Carriage),0
KA,2022-03-01,TWO WHEELER(NT),6992
KA,2022-03-01,TWO WHEELER(T),10
KA,2022-04-01,FOUR WHEELER (Invalid Carriage),0
KA,2022-04-01,HEAVY GOODS VEHICLE,0
KA,2022-04-01,HEAVY MOTOR VEHICLE,0
KA,2022-04-01,HEAVY PASSENGER VEHICLE,0
KA,2022-04-01,LIGHT GOODS VEHICLE,0
KA,2022-04-01,LIGHT MOTOR VEHICLE,223
KA,2022-04-01,LIGHT PASSENGER VEHICLE,22
KA,2022-04-01,MEDIUM GOODS VEHICLE,0
KA,2022-04-01,MEDIUM MOTOR VEHICLE,0
KA,2022-04-01,MEDIUM PASSENGER VEHICLE,0
KA,2022-04-01,OTHER THAN MENTIONED ABOVE,0
KA,2022-04-01,THREE WHEELER (Invalid Carriage),0
KA,2022-04-01,THREE WHEELER(NT),0
KA,2022-04-01,THREE WHEELER(T),106
KA,2022-04-01,TWO WHEELER (Invalid Carriage),2
KA,2022-04-01,TWO WHEELER(NT),8256
KA,2022-04-01,TWO WHEELER(T),0
KA,2022-05-01,FOUR WHEELER (Invalid Carriage),2
KA,2022-05-01,HEAVY GOODS VEHICLE,0
KA,2022-05-01,HEAVY MOTOR VEHICLE,0
KA,2022-05-01,HEAVY PASSENGER VEHICLE,0
KA,2022-05-01,LIGHT GOODS VEHICLE,0
KA,2022-05-01,LIGHT MOTOR VEHICLE,176
KA,2022-05-01,LIGHT PASSENGER VEHICLE,13
KA,2022-05-01,MEDIUM GOODS VEHICLE,0
KA,2022-05-01,MEDIUM MOTOR VEHICLE,0
KA,2022-05-01,MEDIUM PASSENGER VEHICLE,0
KA,2022-05-01,OTHER THAN MENTIONED ABOVE,0
KA,2022-05-01,THREE WHEELER (Invalid Carriage),0
KA,2022-05-01,THREE WHEELER(NT),0
KA,2022-05-01,THREE WHEELER(T),73
KA,2022-05-01,TWO WHEELER (Invalid Carriage),0
KA,2022-05-01,TWO WHEELER(NT),5582
KA,2022-05-01,TWO WHEELER(T),2
KA,2022-06-01,FOUR WHEELER (Invalid Carriage),0
KA,2022-06-01,HEAVY GOODS VEHICLE,0
KA,2022-06-01,HEAVY MOTOR VEHICLE,0
KA,2022-06-01,HEAVY PASSENGER VEHICLE,2
KA,2022-06-01,LIGHT GOODS VEHICLE,0
KA,2022-06-01,LIGHT MOTOR VEHICLE,226
KA,2022-06-01,LIGHT PASSENGER VEHICLE,106
KA,2022-06-01,MEDIUM GOODS VEHICLE,0
KA,2022-06-01,MEDIUM MOTOR VEHICLE,0
KA,2022-06-01,MEDIUM PASSENGER VEHICLE,0
KA,2022-06-01,OTHER THAN MENTIONED ABOVE,0
KA,2022-06-01,THREE WHEELER (Invalid Carriage),0
KA,2022-06-01,THREE WHEELER(NT),1
KA,2022-06-01,THREE WHEELER(T),120
KA,2022-06-01,TWO WHEELER (Invalid Carriage),2
KA,2022-06-01,TWO WHEELER(NT),6301
KA,2022-06-01,TWO WHEELER(T),0
KA,2022-07-01,FOUR WHEELER (Invalid Carriage),0
KA,2022-07-01,HEAVY GOODS VEHICLE,0
KA,2022-07-01,HEAVY MOTOR VEHICLE,0
KA,2022-07-01,HEAVY PASSENGER VEHICLE,36
KA,2022-07-01,LIGHT GOODS VEHICLE,0
KA,2022-07-01,LIGHT MOTOR VEHICLE,249
KA,2022-07-01,LIGHT PASSENGER VEHICLE,68
KA,2022-07-01,MEDIUM GOODS VEHICLE,0
KA,2022-07-01,MEDIUM MOTOR VEHICLE,0
KA,2022-07-01,MEDIUM PASSENGER VEHICLE,0
KA,2022-07-01,OTHER THAN MENTIONED ABOVE,0
KA,2022-07-01,THREE WHEELER (Invalid Carriage),0
KA,2022-07-01,THREE WHEELER(NT),0
KA,2022-07-01,THREE WHEELER(T),57
KA,2022-07-01,TWO WHEELER (Invalid Carriage),0
KA,2022-07-01,TWO WHEELER(NT),4890
KA,2022-07-01,TWO WHEELER(T),0
KA,2022-08-01,FOUR WHEELER (Invalid Carriage),0
KA,2022-08-01,HEAVY GOODS VEHICLE,0
KA,2022-08-01,HEAVY MOTOR VEHICLE,0
KA,2022-08-01,HEAVY PASSENGER VEHICLE,61
KA,2022-08-01,LIGHT GOODS VEHICLE,1
KA,2022-08-01,LIGHT MOTOR VEHICLE,258
KA,2022-08-01,LIGHT PASSENGER VEHICLE,54
KA,2022-08-01,MEDIUM GOODS VEHICLE,0
KA,2022-08-01,MEDIUM MOTOR VEHICLE,0
KA,2022-08-01,MEDIUM PASSENGER VEHICLE,0
KA,2022-08-01,OTHER THAN MENTIONED ABOVE,0
KA,2022-08-01,THREE WHEELER (Invalid Carriage),0
KA,2022-08-01,THREE WHEELER(NT),0
KA,2022-08-01,THREE WHEELER(T),106
KA,2022-08-01,TWO WHEELER (Invalid Carriage),0
KA,2022-08-01,TWO WHEELER(NT),6919
KA,2022-08-01,TWO WHEELER(T),14
KA,2022-09-01,FOUR WHEELER (Invalid Carriage),0
KA,2022-09-01,HEAVY GOODS VEHICLE,0
KA,2022-09-01,HEAVY MOTOR VEHICLE,0
KA,2022-09-01,HEAVY PASSENGER VEHICLE,73
KA,2022-09-01,LIGHT GOODS VEHICLE,0
KA,2022-09-01,LIGHT MOTOR VEHICLE,328
KA,2022-09-01,LIGHT PASSENGER VEHICLE,91
KA,2022-09-01,MEDIUM GOODS VEHICLE,0
KA,2022-09-01,MEDIUM MOTOR VEHICLE,0
KA,2022-09-01,MEDIUM PASSENGER VEHICLE,0
KA,2022-09-01,OTHER THAN MENTIONED ABOVE,0
KA,2022-09-01,THREE WHEELER (Invalid Carriage),0
KA,2022-09-01,THREE WHEELER(NT),0
KA,2022-09-01,THREE WHEELER(T),180
KA,2022-09-01,TWO WHEELER (Invalid Carriage),0
KA,2022-09-01,TWO WHEELER(NT),7243
KA,2022-09-01,TWO WHEELER(T),39
KA,2022-10-01,FOUR WHEELER (Invalid Carriage),0
KA,2022-10-01,HEAVY GOODS VEHICLE,0
KA,2022-10-01,HEAVY MOTOR VEHICLE,0
KA,2022-10-01,HEAVY PASSENGER VEHICLE,64
KA,2022-10-01,LIGHT GOODS VEHICLE,0
KA,2022-10-01,LIGHT MOTOR VEHICLE,348
KA,2022-10-01,LIGHT PASSENGER VEHICLE,111
KA,2022-10-01,MEDIUM GOODS VEHICLE,0
KA,2022-10-01,MEDIUM MOTOR VEHICLE,0
KA,2022-10-01,MEDIUM PASSENGER VEHICLE,0
KA,2022-10-01,OTHER THAN MENTIONED ABOVE,0
KA,2022-10-01,THREE WHEELER (Invalid Carriage),0
KA,2022-10-01,THREE WHEELER(NT),0
KA,2022-10-01,THREE WHEELER(T),208
KA,2022-10-01,TWO WHEELER (Invalid Carriage),1
KA,2022-10-01,TWO WHEELER(NT),9163
KA,2022-10-01,TWO WHEELER(T),47
KA,2022-11-01,FOUR WHEELER (Invalid Carriage),0
KA,2022-11-01,HEAVY GOODS VEHICLE,0
KA,2022-11-01,HEAVY MOTOR VEHICLE,0
KA,2022-11-01,HEAVY PASSENGER VEHICLE,28
KA,2022-11-01,LIGHT GOODS VEHICLE,0
KA,2022-11-01,LIGHT MOTOR VEHICLE,464
KA,2022-11-01,LIGHT PASSENGER VEHICLE,66
KA,2022-11-01,MEDIUM GOODS VEHICLE,0
KA,2022-11-01,MEDIUM MOTOR VEHICLE,0
KA,2022-11-01,MEDIUM PASSENGER VEHICLE,0
KA,2022-11-01,OTHER THAN MENTIONED ABOVE,0
KA,2022-11-01,THREE WHEELER (Invalid Carriage),0
KA,2022-11-01,THREE WHEELER(NT),0
KA,2022-11-01,THREE WHEELER(T),210
KA,2022-11-01,TWO WHEELER (Invalid Carriage),0
KA,2022-11-01,TWO WHEELER(NT),9767
KA,2022-11-01,TWO WHEELER(T),8
KA,2022-12-01,FOUR WHEELER (Invalid Carriage),0
KA,2022-12-01,HEAVY GOODS VEHICLE,0
KA,2022-12-01,HEAVY MOTOR VEHICLE,0
KA,2022-12-01,HEAVY PASSENGER VEHICLE,24
KA,2022-12-01,LIGHT GOODS VEHICLE,0
KA,2022-12-01,LIGHT MOTOR VEHICLE,339
KA,2022-12-01,LIGHT PASSENGER VEHICLE,67
KA,2022-12-01,MEDIUM GOODS VEHICLE,0
KA,2022-12-01,MEDIUM MOTOR VEHICLE,0
KA,2022-12-01,MEDIUM PASSENGER VEHICLE,0
KA,2022-12-01,OTHER THAN MENTIONED ABOVE,0
KA,2022-12-01,THREE WHEELER (Invalid Carriage),0
KA,2022-12-01,THREE WHEELER(NT),0
KA,2022-12-01,THREE WHEELER(T),133
KA,2022-12-01,TWO WHEELER (Invalid Carriage),1
KA,2022-12-01,TWO WHEELER(NT),7510
KA,2022-12-01,TWO WHEELER(T),32
KA,2023-01-01,FOUR WHEELER (Invalid Carriage),0
KA,2023-01-01,HEAVY GOODS VEHICLE,0
KA,2023-01-01,HEAVY MOTOR VEHICLE,0
KA,2023-01-01,HEAVY PASSENGER VEHICLE,36
KA,2023-01-01,LIGHT GOODS VEHICLE,0
KA,2023-01-01,LIGHT MOTOR VEHICLE,374
KA,2023-01-01,LIGHT PASSENGER VEHICLE,113
KA,2023-01-01,MEDIUM GOODS VEHICLE,0
KA,2023-01-01,MEDIUM MOTOR VEHICLE,0
KA,2023-01-01,MEDIUM PASSENGER VEHICLE,0
KA,2023-01-01,OTHER THAN MENTIONED ABOVE,0
KA,2023-01-01,THREE WHEELER (Invalid Carriage),0
KA,2023-01-01,THREE WHEELER(NT),1
KA,2023-01-01,THREE WHEELER(T),158
KA,2023-01-01,TWO WHEELER (Invalid Carriage),1
KA,2023-01-01,TWO WHEELER(NT),9811
KA,2023-01-01,TWO WHEELER(T),1
KA,2023-02-01,FOUR WHEELER (Invalid Carriage),0
KA,2023-02-01,HEAVY GOODS VEHICLE,0
KA,2023-02-01,HEAVY MOTOR VEHICLE,0
KA,2023-02-01,HEAVY PASSENGER VEHICLE,19
KA,2023-02-01,LIGHT GOODS VEHICLE,0
KA,2023-02-01,LIGHT MOTOR VEHICLE,451
KA,2023-02-01,LIGHT PASSENGER VEHICLE,130
KA,2023-02-01,MEDIUM GOODS VEHICLE,0
KA,2023-02-01,MEDIUM MOTOR VEHICLE,0
KA,2023-02-01,MEDIUM PASSENGER VEHICLE,0
KA,2023-02-01,OTHER THAN MENTIONED ABOVE,0
KA,2023-02-01,THREE WHEELER (Invalid Carriage),0
KA,2023-02-01,THREE WHEELER(NT),0
KA,2023-02-01,THREE WHEELER(T),161
KA,2023-02-01,TWO WHEELER (Invalid Carriage),1
KA,2023-02-01,TWO WHEELER(NT),10133
KA,2023-02-01,TWO WHEELER(T),30
KA,2023-03-01,FOUR WHEELER (Invalid Carriage),0
KA,2023-03-01,HEAVY GOODS VEHICLE,0
KA,2023-03-01,HEAVY MOTOR VEHICLE,0
KA,2023-03-01,HEAVY PASSENGER VEHICLE,52
KA,2023-03-01,LIGHT GOODS VEHICLE,0
KA,2023-03-01,LIGHT MOTOR VEHICLE,770
KA,2023-03-01,LIGHT PASSENGER VEHICLE,223
KA,2023-03-01,MEDIUM GOODS VEHICLE,0
KA,2023-03-01,MEDIUM MOTOR VEHICLE,0
KA,2023-03-01,MEDIUM PASSENGER VEHICLE,0
KA,2023-03-01,OTHER THAN MENTIONED ABOVE,1
KA,2023-03-01,THREE WHEELER (Invalid Carriage),0
KA,2023-03-01,THREE WHEELER(NT),1
KA,2023-03-01,THREE WHEELER(T),356
KA,2023-03-01,TWO WHEELER (Invalid Carriage),7
KA,2023-03-01,TWO WHEELER(NT),13020
KA,2023-03-01,TWO WHEELER(T),5
KA,2023-04-01,FOUR WHEELER (Invalid Carriage),2
KA,2023-04-01,HEAVY GOODS VEHICLE,0
KA,2023-04-01,HEAVY MOTOR VEHICLE,0
KA,2023-04-01,HEAVY PASSENGER VEHICLE,29
KA,2023-04-01,LIGHT GOODS VEHICLE,1
KA,2023-04-01,LIGHT MOTOR VEHICLE,538
KA,2023-04-01,LIGHT PASSENGER VEHICLE,154
KA,2023-04-01,MEDIUM GOODS VEHICLE,0
KA,2023-04-01,MEDIUM MOTOR VEHICLE,0
KA,2023-04-01,MEDIUM PASSENGER VEHICLE,0
KA,2023-04-01,OTHER THAN MENTIONED ABOVE,0
KA,2023-04-01,THREE WHEELER (Invalid Carriage),0
KA,2023-04-01,THREE WHEELER(NT),0
KA,2023-04-01,THREE WHEELER(T),178
KA,2023-04-01,TWO WHEELER (Invalid Carriage),1
KA,2023-04-01,TWO WHEELER(NT),9684
KA,2023-04-01,TWO WHEELER(T),0
KA,2023-05-01,FOUR WHEELER (Invalid Carriage),0
KA,2023-05-01,HEAVY GOODS VEHICLE,0
KA,2023-05-01,HEAVY MOTOR VEHICLE,0
KA,2023-05-01,HEAVY PASSENGER VEHICLE,1
KA,2023-05-01,LIGHT GOODS VEHICLE,5
KA,2023-05-01,LIGHT MOTOR VEHICLE,671
KA,2023-05-01,LIGHT PASSENGER VEHICLE,200
KA,2023-05-01,MEDIUM GOODS VEHICLE,0
KA,2023-05-01,MEDIUM MOTOR VEHICLE,0
KA,2023-05-01,MEDIUM PASSENGER VEHICLE,0
KA,2023-05-01,OTHER THAN MENTIONED ABOVE,0
KA,2023-05-01,THREE WHEELER (Invalid Carriage),0
KA,2023-05-01,THREE WHEELER(NT),0
KA,2023-05-01,THREE WHEELER(T),151
KA,2023-05-01,TWO WHEELER (Invalid Carriage),0
KA,2023-05-01,TWO WHEELER(NT),17207
KA,2023-05-01,TWO WHEELER(T),53
KA,2023-06-01,FOUR WHEELER (Invalid Carriage),1
KA,2023-06-01,HEAVY GOODS VEHICLE,0
KA,2023-06-01,HEAVY MOTOR VEHICLE,0
KA,2023-06-01,HEAVY PASSENGER VEHICLE,0
KA,2023-06-01,LIGHT GOODS VEHICLE,37
KA,2023-06-01,LIGHT MOTOR VEHICLE,849
KA,2023-06-01,LIGHT PASSENGER VEHICLE,150
KA,2023-06-01,MEDIUM GOODS VEHICLE,0
KA,2023-06-01,MEDIUM MOTOR VEHICLE,0
KA,2023-06-01,MEDIUM PASSENGER VEHICLE,0
KA,2023-06-01,OTHER THAN MENTIONED ABOVE,0
KA,2023-06-01,THREE WHEELER (Invalid Carriage),0
KA,2023-06-01,THREE WHEELER(NT),0
KA,2023-06-01,THREE WHEELER(T),165
KA,2023-06-01,TWO WHEELER (Invalid Carriage),0
KA,2023-06-01,TWO WHEELER(NT),7838
KA,2023-06-01,TWO WHEELER(T),0
KA,2023-07-01,FOUR WHEELER (Invalid Carriage),1
KA,2023-07-01,HEAVY GOODS VEHICLE,0
KA,2023-07-01,HEAVY MOTOR VEHICLE,0
KA,2023-07-01,HEAVY PASSENGER VEHICLE,9
KA,2023-07-01,LIGHT GOODS VEHICLE,33
KA,2023-07-01,LIGHT MOTOR VEHICLE,958
KA,2023-07-01,LIGHT PASSENGER VEHICLE,134
KA,2023-07-01,MEDIUM GOODS VEHICLE,0
KA,2023-07-01,MEDIUM MOTOR VEHICLE,0
KA,2023-07-01,MEDIUM PASSENGER VEHICLE,0
KA,2023-07-01,OTHER THAN MENTIONED ABOVE,0
KA,2023-07-01,THREE WHEELER (Invalid Carriage),0
KA,2023-07-01,THREE WHEELER(NT),0
KA,2023-07-01,THREE WHEELER(T),268
KA,2023-07-01,TWO WHEELER (Invalid Carriage),0
KA,2023-07-01,TWO WHEELER(NT),9647
KA,2023-07-01,TWO WHEELER(T),15
KA,2023-08-01,FOUR WHEELER (Invalid Carriage),0
KA,2023-08-01,HEAVY GOODS VEHICLE,1
KA,2023-08-01,HEAVY MOTOR VEHICLE,0
KA,2023-08-01,HEAVY PASSENGER VEHICLE,0
KA,2023-08-01,LIGHT GOODS VEHICLE,19
KA,2023-08-01,LIGHT MOTOR VEHICLE,775
KA,2023-08-01,LIGHT PASSENGER VEHICLE,273
KA,2023-08-01,MEDIUM GOODS VEHICLE,0
KA,2023-08-01,MEDIUM MOTOR VEHICLE,0
KA,2023-08-01,MEDIUM PASSENGER VEHICLE,0
KA,2023-08-01,OTHER THAN MENTIONED ABOVE,0
KA,2023-08-01,THREE WHEELER (Invalid Carriage),0
KA,2023-08-01,THREE WHEELER(NT),0
KA,2023-08-01,THREE WHEELER(T),144
KA,2023-08-01,TWO WHEELER (Invalid Carriage),1
KA,2023-08-01,TWO WHEELER(NT),9699
KA,2023-08-01,TWO WHEELER(T),59
KA,2023-09-01,FOUR WHEELER (Invalid Carriage),0
KA,2023-09-01,HEAVY GOODS VEHICLE,2
KA,2023-09-01,HEAVY MOTOR VEHICLE,0
KA,2023-09-01,HEAVY PASSENGER VEHICLE,6
KA,2023-09-01,LIGHT GOODS VEHICLE,14
KA,2023-09-01,LIGHT MOTOR VEHICLE,649
KA,2023-09-01,LIGHT PASSENGER VEHICLE,169
KA,2023-09-01,MEDIUM GOODS VEHICLE,0
KA,2023-09-01,MEDIUM MOTOR VEHICLE,0
KA,2023-09-01,MEDIUM PASSENGER VEHICLE,0
KA,2023-09-01,OTHER THAN MENTIONED ABOVE,0
KA,2023-09-01,THREE WHEELER (Invalid Carriage),0
KA,2023-09-01,THREE WHEELER(NT),0
KA,2023-09-01,THREE WHEELER(T),221
KA,2023-09-01,TWO WHEELER (Invalid Carriage),0
KA,2023-09-01,TWO WHEELER(NT),9839
KA,2023-09-01,TWO WHEELER(T),60
KA,2023-10-01,FOUR WHEELER (Invalid Carriage),0
KA,2023-10-01,HEAVY GOODS VEHICLE,0
KA,2023-10-01,HEAVY MOTOR VEHICLE,0
KA,2023-10-01,HEAVY PASSENGER VEHICLE,0
KA,2023-10-01,LIGHT GOODS VEHICLE,20
KA,2023-10-01,LIGHT MOTOR VEHICLE,745
KA,2023-10-01,LIGHT PASSENGER VEHICLE,362
KA,2023-10-01,MEDIUM GOODS VEHICLE,0
KA,2023-10-01,MEDIUM MOTOR VEHICLE,0
KA,2023-10-01,MEDIUM PASSENGER VEHICLE,0
KA,2023-10-01,OTHER THAN MENTIONED ABOVE,0
KA,2023-10-01,THREE WHEELER (Invalid Carriage),0
KA,2023-10-01,THREE WHEELER(NT),0
KA,2023-10-01,THREE WHEELER(T),171
KA,2023-10-01,TWO WHEELER (Invalid Carriage),0
KA,2023-10-01,TWO WHEELER(NT),11183
KA,2023-10-01,TWO WHEELER(T),16
KA,2023-11-01,FOUR WHEELER (Invalid Carriage),0
KA,2023-11-01,HEAVY GOODS VEHICLE,0
KA,2023-11-01,HEAVY MOTOR VEHICLE,0
KA,2023-11-01,HEAVY PASSENGER VEHICLE,63
KA,2023-11-01,LIGHT GOODS VEHICLE,15
KA,2023-11-01,LIGHT MOTOR VEHICLE,811
KA,2023-11-01,LIGHT PASSENGER VEHICLE,51
KA,2023-11-01,MEDIUM GOODS VEHICLE,0
KA,2023-11-01,MEDIUM MOTOR VEHICLE,0
KA,2023-11-01,MEDIUM PASSENGER VEHICLE,0
KA,2023-11-01,OTHER THAN MENTIONED ABOVE,0
KA,2023-11-01,THREE WHEELER (Invalid Carriage),0
KA,2023-11-01,THREE WHEELER(NT),0
KA,2023-11-01,THREE WHEELER(T),148
KA,2023-11-01,TWO WHEELER (Invalid Carriage),10
KA,2023-11-01,TWO WHEELER(NT),14419
KA,2023-11-01,TWO WHEELER(T),76
KA,2023-12-01,FOUR WHEELER (Invalid Carriage),0
KA,2023-12-01,HEAVY GOODS VEHICLE,0
KA,2023-12-01,HEAVY MOTOR VEHICLE,0
KA,2023-12-01,HEAVY PASSENGER VEHICLE,54
KA,2023-12-01,LIGHT GOODS VEHICLE,11
KA,2023-12-01,LIGHT MOTOR VEHICLE,1054
KA,2023-12-01,LIGHT PASSENGER VEHICLE,74
KA,2023-12-01,MEDIUM GOODS VEHICLE,0
KA,2023-12-01,MEDIUM MOTOR VEHICLE,0
KA,2023-12-01,MEDIUM PASSENGER VEHICLE,0
KA,2023-12-01,OTHER THAN MENTIONED ABOVE,0
KA,2023-12-01,THREE WHEELER (Invalid Carriage),0
KA,2023-12-01,THREE WHEELER(NT),2
KA,2023-12-01,THREE WHEELER(T),259
KA,2023-12-01,TWO WHEELER (Invalid Carriage),0
KA,2023-12-01,TWO WHEELER(NT),10178
KA,2023-12-01,TWO WHEELER(T),25
KA,2024-01-01,FOUR WHEELER (Invalid Carriage),2
KA,2024-01-01,HEAVY GOODS VEHICLE,6
KA,2024-01-01,HEAVY MOTOR VEHICLE,0
KA,2024-01-01,HEAVY PASSENGER VEHICLE,92
KA,2024-01-01,LIGHT GOODS VEHICLE,7
KA,2024-01-01,LIGHT MOTOR VEHICLE,842
KA,2024-01-01,LIGHT PASSENGER VEHICLE,211
KA,2024-01-01,MEDIUM GOODS VEHICLE,0
KA,2024-01-01,MEDIUM MOTOR VEHICLE,0
KA,2024-01-01,MEDIUM PASSENGER VEHICLE,0
KA,2024-01-01,OTHER THAN MENTIONED ABOVE,0
KA,2024-01-01,THREE WHEELER (Invalid Carriage),0
KA,2024-01-01,THREE WHEELER(NT),1
KA,2024-01-01,THREE WHEELER(T),267
KA,2024-01-01,TWO WHEELER (Invalid Carriage),1
KA,2024-01-01,TWO WHEELER(NT),12592
KA,2024-01-01,TWO WHEELER(T),21
KA,2024-02-01,FOUR WHEELER (Invalid Carriage),2
KA,2024-02-01,HEAVY GOODS VEHICLE,0
KA,2024-02-01,HEAVY MOTOR VEHICLE,0
KA,2024-02-01,HEAVY PASSENGER VEHICLE,125
KA,2024-02-01,LIGHT GOODS VEHICLE,18
KA,2024-02-01,LIGHT MOTOR VEHICLE,833
KA,2024-02-01,LIGHT PASSENGER VEHICLE,94
KA,2024-02-01,MEDIUM GOODS VEHICLE,0
KA,2024-02-01,MEDIUM MOTOR VEHICLE,0
KA,2024-02-01,MEDIUM PASSENGER VEHICLE,0
KA,2024-02-01,OTHER THAN MENTIONED ABOVE,0
KA,2024-02-01,THREE WHEELER (Invalid Carriage),0
KA,2024-02-01,THREE WHEELER(NT),0
KA,2024-02-01,THREE WHEELER(T),215
KA,2024-02-01,TWO WHEELER (Invalid Carriage),0
KA,2024-02-01,TWO WHEELER(NT),12628
KA,2024-02-01,TWO WHEELER(T),95
KA,2024-03-01,FOUR WHEELER (Invalid Carriage),1
KA,2024-03-01,HEAVY GOODS VEHICLE,0
KA,2024-03-01,HEAVY MOTOR VEHICLE,0
KA,2024-03-01,HEAVY PASSENGER VEHICLE,206
KA,2024-03-01,LIGHT GOODS VEHICLE,42
KA,2024-03-01,LIGHT MOTOR VEHICLE,1073
KA,2024-03-01,LIGHT PASSENGER VEHICLE,581
KA,2024-03-01,MEDIUM GOODS VEHICLE,0
KA,2024-03-01,MEDIUM MOTOR VEHICLE,0
KA,2024-03-01,MEDIUM PASSENGER VEHICLE,0
KA,2024-03-01,OTHER THAN MENTIONED ABOVE,0
KA,2024-03-01,THREE WHEELER (Invalid Carriage),0
KA,2024-03-01,THREE WHEELER(NT),3
KA,2024-03-01,THREE WHEELER(T),426
KA,2024-03-01,TWO WHEELER (Invalid Carriage),1
KA,2024-03-01,TWO WHEELER(NT),22856
KA,2024-03-01,TWO WHEELER(T),10
KA,2024-04-01,FOUR WHEELER (Invalid Carriage),0
KA,2024-04-01,HEAVY GOODS VEHICLE,0
KA,2024-04-01,HEAVY MOTOR VEHICLE,0
KA,2024-04-01,HEAVY PASSENGER VEHICLE,16
KA,2024-04-01,LIGHT GOODS VEHICLE,10
KA,2024-04-01,LIGHT MOTOR VEHICLE,912
KA,2024-04-01,LIGHT PASSENGER VEHICLE,32
KA,2024-04-01,MEDIUM GOODS VEHICLE,0
KA,2024-04-01,MEDIUM MOTOR VEHICLE,0
KA,2024-04-01,MEDIUM PASSENGER VEHICLE,0
KA,2024-04-01,OTHER THAN MENTIONED ABOVE,0
KA,2024-04-01,THREE WHEELER (Invalid Carriage),0
KA,2024-04-01,THREE WHEELER(NT),0
KA,2024-04-01,THREE WHEELER(T),57
KA,2024-04-01,TWO WHEELER (Invalid Carriage),1
KA,2024-04-01,TWO WHEELER(NT),7609
KA,2024-04-01,TWO WHEELER(T),0
KA,2024-05-01,FOUR WHEELER (Invalid Carriage),1
KA,2024-05-01,HEAVY GOODS VEHICLE,0
KA,2024-05-01,HEAVY MOTOR VEHICLE,0
KA,2024-05-01,HEAVY PASSENGER VEHICLE,1
KA,2024-05-01,LIGHT GOODS VEHICLE,14
KA,2024-05-01,LIGHT MOTOR VEHICLE,957
KA,2024-05-01,LIGHT PASSENGER VEHICLE,184
KA,2024-05-01,MEDIUM GOODS VEHICLE,0
KA,2024-05-01,MEDIUM MOTOR VEHICLE,0
KA,2024-05-01,MEDIUM PASSENGER VEHICLE,0
KA,2024-05-01,OTHER THAN MENTIONED ABOVE,0
KA,2024-05-01,THREE WHEELER (Invalid Carriage),0
KA,2024-05-01,THREE WHEELER(NT),0
KA,2024-05-01,THREE WHEELER(T),157
KA,2024-05-01,TWO WHEELER (Invalid Carriage),0
KA,2024-05-01,TWO WHEELER(NT),9600
KA,2024-05-01,TWO WHEELER(T),74
KA,2024-06-01,FOUR WHEELER (Invalid Carriage),1
KA,2024-06-01,HEAVY GOODS VEHICLE,0
KA,2024-06-01,HEAVY MOTOR VEHICLE,0
KA,2024-06-01,HEAVY PASSENGER VEHICLE,33
KA,2024-06-01,LIGHT GOODS VEHICLE,19
KA,2024-06-01,LIGHT MOTOR VEHICLE,896
KA,2024-06-01,LIGHT PASSENGER VEHICLE,171
KA,2024-06-01,MEDIUM GOODS VEHICLE,0
KA,2024-06-01,MEDIUM MOTOR VEHICLE,0
KA,2024-06-01,MEDIUM PASSENGER VEHICLE,0
KA,2024-06-01,OTHER THAN MENTIONED ABOVE,0
KA,2024-06-01,THREE WHEELER (Invalid Carriage),0
KA,2024-06-01,THREE WHEELER(NT),0
KA,2024-06-01,THREE WHEELER(T),188
KA,2024-06-01,TWO WHEELER (Invalid Carriage),0
KA,2024-06-01,TWO WHEELER(NT),10446
KA,2024-06-01,TWO WHEELER(T),94
KA,2024-07-01,FOUR WHEELER (Invalid Carriage),0
KA,2024-07-01,HEAVY GOODS VEHICLE,1
KA,2024-07-01,HEAVY MOTOR VEHICLE,0
KA,2024-07-01,HEAVY PASSENGER VEHICLE,89
KA,2024-07-01,LIGHT GOODS VEHICLE,6
KA,2024-07-01,LIGHT MOTOR VEHICLE,925
KA,2024-07-01,LIGHT PASSENGER VEHICLE,133
KA,2024-07-01,MEDIUM GOODS VEHICLE,0
KA,2024-07-01,MEDIUM MOTOR VEHICLE,0
KA,2024-07-01,MEDIUM PASSENGER VEHICLE,0
KA,2024-07-01,OTHER THAN MENTIONED ABOVE,0
KA,2024-07-01,THREE WHEELER (Invalid Carriage),0
KA,2024-07-01,THREE WHEELER(NT),0
KA,2024-07-01,THREE WHEELER(T),251
KA,2024-07-01,TWO WHEELER (Invalid Carriage),0
KA,2024-07-01,TWO WHEELER(NT),12761
KA,2024-07-01,TWO WHEELER(T),84
KA,2024-08-01,FOUR WHEELER (Invalid Carriage),0
KA,2024-08-01,HEAVY GOODS VEHICLE,5
KA,2024-08-01,HEAVY MOTOR VEHICLE,0
KA,2024-08-01,HEAVY PASSENGER VEHICLE,54
KA,2024-08-01,LIGHT GOODS VEHICLE,26
KA,2024-08-01,LIGHT MOTOR VEHICLE,1029
KA,2024-08-01,LIGHT PASSENGER VEHICLE,187
KA,2024-08-01,MEDIUM GOODS VEHICLE,0
KA,2024-08-01,MEDIUM MOTOR VEHICLE,0
KA,2024-08-01,MEDIUM PASSENGER VEHICLE,0
KA,2024-08-01,OTHER THAN MENTIONED ABOVE,0
KA,2024-08-01,THREE WHEELER (Invalid Carriage),0
KA,2024-08-01,THREE WHEELER(NT),2
KA,2024-08-01,THREE WHEELER(T),205
KA,2024-08-01,TWO WHEELER (Invalid Carriage),1
KA,2024-08-01,TWO WHEELER(NT),12164
KA,2024-08-01,TWO WHEELER(T),52
KA,2024-09-01,FOUR WHEELER (Invalid Carriage),1
KA,2024-09-01,HEAVY GOODS VEHICLE,2
KA,2024-09-01,HEAVY MOTOR VEHICLE,0
KA,2024-09-01,HEAVY PASSENGER VEHICLE,72
KA,2024-09-01,LIGHT GOODS VEHICLE,33
KA,2024-09-01,LIGHT MOTOR VEHICLE,794
KA,2024-09-01,LIGHT PASSENGER VEHICLE,75
KA,2024-09-01,MEDIUM GOODS VEHICLE,0
KA,2024-09-01,MEDIUM MOTOR VEHICLE,0
KA,2024-09-01,MEDIUM PASSENGER VEHICLE,0
KA,2024-09-01,OTHER THAN MENTIONED ABOVE,0
KA,2024-09-01,THREE WHEELER (Invalid Carriage),0
KA,2024-09-01,THREE WHEELER(NT),0
KA,2024-09-01,THREE WHEELER(T),451
KA,2024-09-01,TWO WHEELER (Invalid Carriage),0
KA,2024-09-01,TWO WHEELER(NT),11363
KA,2024-09-01,TWO WHEELER(T),1295
KA,2024-10-01,FOUR WHEELER (Invalid Carriage),0
KA,2024-10-01,HEAVY GOODS VEHICLE,2
KA,2024-10-01,HEAVY MOTOR VEHICLE,0
KA,2024-10-01,HEAVY PASSENGER VEHICLE,87
KA,2024-10-01,LIGHT GOODS VEHICLE,29
KA,2024-10-01,LIGHT MOTOR VEHICLE,1553
KA,2024-10-01,LIGHT PASSENGER VEHICLE,416
KA,2024-10-01,MEDIUM GOODS VEHICLE,0
KA,2024-10-01,MEDIUM MOTOR VEHICLE,0
KA,2024-10-01,MEDIUM PASSENGER VEHICLE,0
KA,2024-10-01,OTHER THAN MENTIONED ABOVE,0
KA,2024-10-01,THREE WHEELER (Invalid Carriage),0
KA,2024-10-01,THREE WHEELER(NT),1
KA,2024-10-01,THREE WHEELER(T),579
KA,2024-10-01,TWO WHEELER (Invalid Carriage),1
KA,2024-10-01,TWO WHEELER(NT),16758
KA,2024-10-01,TWO WHEELER(T),917
KA,2024-11-01,FOUR WHEELER (Invalid Carriage),1
KA,2024-11-01,HEAVY GOODS VEHICLE,3
KA,2024-11-01,HEAVY MOTOR VEHICLE,0
KA,2024-11-01,HEAVY PASSENGER VEHICLE,28
KA,2024-11-01,LIGHT GOODS VEHICLE,28
KA,2024-11-01,LIGHT MOTOR VEHICLE,1303
KA,2024-11-01,LIGHT PASSENGER VEHICLE,145
KA,2024-11-01,MEDIUM GOODS VEHICLE,0
KA,2024-11-01,MEDIUM MOTOR VEHICLE,0
KA,2024-11-01,MEDIUM PASSENGER VEHICLE,0
KA,2024-11-01,OTHER THAN MENTIONED ABOVE,0
KA,2024-11-01,THREE WHEELER (Invalid Carriage),0
KA,2024-11-01,THREE WHEELER(NT),0
KA,2024-11-01,THREE WHEELER(T),475
KA,2024-11-01,TWO WHEELER (Invalid Carriage),1
KA,2024-11-01,TWO WHEELER(NT),13538
KA,2024-11-01,TWO WHEELER(T),424
KA,2024-12-01,FOUR WHEELER (Invalid Carriage),1
KA,2024-12-01,HEAVY GOODS VEHICLE,14
KA,2024-12-01,HEAVY MOTOR VEHICLE,0
KA,2024-12-01,HEAVY PASSENGER VEHICLE,41
KA,2024-12-01,LIGHT GOODS VEHICLE,45
KA,2024-12-01,LIGHT MOTOR VEHICLE,1119
KA,2024-12-01,LIGHT PASSENGER VEHICLE,155
KA,2024-12-01,MEDIUM GOODS VEHICLE,0
KA,2024-12-01,MEDIUM MOTOR VEHICLE,0
KA,2024-12-01,MEDIUM PASSENGER VEHICLE,0
KA,2024-12-01,OTHER THAN MENTIONED ABOVE,0
KA,2024-12-01,THREE WHEELER (Invalid Carriage),0
KA,2024-12-01,THREE WHEELER(NT),1
KA,2024-12-01,THREE WHEELER(T),446
KA,2024-12-01,TWO WHEELER (Invalid Carriage),5
KA,2024-12-01,TWO WHEELER(NT),7634
KA,2024-12-01,TWO WHEELER(T),594
KA,2025-01-01,FOUR WHEELER (Invalid Carriage),0
KA,2025-01-01,HEAVY GOODS VEHICLE,9
KA,2025-01-01,HEAVY MOTOR VEHICLE,0
KA,2025-01-01,HEAVY PASSENGER VEHICLE,120
KA,2025-01-01,LIGHT GOODS VEHICLE,51
KA,2025-01-01,LIGHT MOTOR VEHICLE,1468
KA,2025-01-01,LIGHT PASSENGER VEHICLE,373
KA,2025-01-01,MEDIUM GOODS VEHICLE,0
KA,2025-01-01,MEDIUM MOTOR VEHICLE,0
KA,2025-01-01,MEDIUM PASSENGER VEHICLE,0
KA,2025-01-01,OTHER THAN MENTIONED ABOVE,0
KA,2025-01-01,THREE WHEELER (Invalid Carriage),0
KA,2025-01-01,THREE WHEELER(NT),0
KA,2025-01-01,THREE WHEELER(T),453
KA,2025-01-01,TWO WHEELER (Invalid Carriage),0
KA,2025-01-01,TWO WHEELER(NT),12681
KA,2025-01-01,TWO WHEELER(T),442
KA,2025-02-01,FOUR WHEELER (Invalid Carriage),0
KA,2025-02-01,HEAVY GOODS VEHICLE,0
KA,2025-02-01,HEAVY MOTOR VEHICLE,0
KA,2025-02-01,HEAVY PASSENGER VEHICLE,73
KA,2025-02-01,LIGHT GOODS VEHICLE,37
KA,2025-02-01,LIGHT MOTOR VEHICLE,1152
KA,2025-02-01,LIGHT PASSENGER VEHICLE,185
KA,2025-02-01,MEDIUM GOODS VEHICLE,0
KA,2025-02-01,MEDIUM MOTOR VEHICLE,0
KA,2025-02-01,MEDIUM PASSENGER VEHICLE,0
KA,2025-02-01,OTHER THAN MENTIONED ABOVE,0
KA,2025-02-01,THREE WHEELER (Invalid Carriage),0
KA,2025-02-01,THREE WHEELER(NT),0
KA,2025-02-01,THREE WHEELER(T),435
KA,2025-02-01,TWO WHEELER (Invalid Carriage),3
KA,2025-02-01,TWO WHEELER(NT),9464
KA,2025-02-01,TWO WHEELER(T),145
KA,2025-03-01,FOUR WHEELER (Invalid Carriage),1
KA,2025-03-01,HEAVY GOODS VEHICLE,5
KA,2025-03-01,HEAVY MOTOR VEHICLE,0
KA,2025-03-01,HEAVY PASSENGER VEHICLE,115
KA,2025-03-01,LIGHT GOODS VEHICLE,41
KA,2025-03-01,LIGHT MOTOR VEHICLE,1489
KA,2025-03-01,LIGHT PASSENGER VEHICLE,235
KA,2025-03-01,MEDIUM GOODS VEHICLE,0
KA,2025-03-01,MEDIUM MOTOR VEHICLE,0
KA,2025-03-01,MEDIUM PASSENGER VEHICLE,0
KA,2025-03-01,OTHER THAN MENTIONED ABOVE,0
KA,2025-03-01,THREE WHEELER (Invalid Carriage),0
KA,2025-03-01,THREE WHEELER(NT),2
KA,2025-03-01,THREE WHEELER(T),422
KA,2025-03-01,TWO WHEELER (Invalid Carriage),1
KA,2025-03-01,TWO WHEELER(NT),16979
KA,2025-03-01,TWO WHEELER(T),339
KA,2025-04-01,FOUR WHEELER (Invalid Carriage),0
KA,2025-04-01,HEAVY GOODS VEHICLE,10
KA,2025-04-01,HEAVY MOTOR VEHICLE,0
KA,2025-04-01,HEAVY PASSENGER VEHICLE,7
KA,2025-04-01,LIGHT GOODS VEHICLE,43
KA,2025-04-01,LIGHT MOTOR VEHICLE,1672
KA,2025-04-01,LIGHT PASSENGER VEHICLE,148
KA,2025-04-01,MEDIUM GOODS VEHICLE,0
KA,2025-04-01,MEDIUM MOTOR VEHICLE,0
KA,2025-04-01,MEDIUM PASSENGER VEHICLE,2
KA,2025-04-01,OTHER THAN MENTIONED ABOVE,0
KA,2025-04-01,THREE WHEELER (Invalid Carriage),0
KA,2025-04-01,THREE WHEELER(NT),2
KA,2025-04-01,THREE WHEELER(T),472
KA,2025-04-01,TWO WHEELER (Invalid Carriage),3
KA,2025-04-01,TWO WHEELER(NT),11672
KA,2025-04-01,TWO WHEELER(T),43
KA,2025-05-01,FOUR WHEELER (Invalid Carriage),1
KA,2025-05-01,HEAVY GOODS VEHICLE,20
KA,2025-05-01,HEAVY MOTOR VEHICLE,0
KA,2025-05-01,HEAVY PASSENGER VEHICLE,1
KA,2025-05-01,LIGHT GOODS VEHICLE,56
KA,2025-05-01,LIGHT MOTOR VEHICLE,1616
KA,2025-05-01,LIGHT PASSENGER VEHICLE,141
KA,2025-05-01,MEDIUM GOODS VEHICLE,0
KA,2025-05-01,MEDIUM MOTOR VEHICLE,0
KA,2025-05-01,MEDIUM PASSENGER VEHICLE,0
KA,2025-05-01,OTHER THAN MENTIONED ABOVE,0
KA,2025-05-01,THREE WHEELER (Invalid Carriage),0
KA,2025-05-01,THREE WHEELER(NT),0
KA,2025-05-01,THREE WHEELER(T),570
KA,2025-05-01,TWO WHEELER (Invalid Carriage),3
KA,2025-05-01,TWO WHEELER(NT),12747
KA,2025-05-01,TWO WHEELER(T),409
KA,2025-06-01,FOUR WHEELER (Invalid Carriage),0
KA,2025-06-01,HEAVY GOODS VEHICLE,0
KA,2025-06-01,HEAVY MOTOR VEHICLE,0
KA,2025-06-01,HEAVY PASSENGER VEHICLE,34
KA,2025-06-01,LIGHT GOODS VEHICLE,54
KA,2025-06-01,LIGHT MOTOR VEHICLE,1597
KA,2025-06-01,LIGHT PASSENGER VEHICLE,157
KA,2025-06-01,MEDIUM GOODS VEHICLE,0
KA,2025-06-01,MEDIUM MOTOR VEHICLE,0
KA,2025-06-01,MEDIUM PASSENGER VEHICLE,0
KA,2025-06-01,OTHER THAN MENTIONED ABOVE,0
KA,2025-06-01,THREE WHEELER (Invalid Carriage),0
KA,2025-06-01,THREE WHEELER(NT),2
KA,2025-06-01,THREE WHEELER(T),484
KA,2025-06-01,TWO WHEELER (Invalid Carriage),0
KA,2025-06-01,TWO WHEELER(NT),12906
KA,2025-06-01,TWO WHEELER(T),709
KA,2025-07-01,FOUR WHEELER (Invalid Carriage),1
KA,2025-07-01,HEAVY GOODS VEHICLE,0
KA,2025-07-01,HEAVY MOTOR VEHICLE,0
KA,2025-07-01,HEAVY PASSENGER VEHICLE,20
KA,2025-07-01,LIGHT GOODS VEHICLE,79
KA,2025-07-01,LIGHT MOTOR VEHICLE,1716
KA,2025-07-01,LIGHT PASSENGER VEHICLE,97
KA,2025-07-01,MEDIUM GOODS VEHICLE,0
KA,2025-07-01,MEDIUM MOTOR VEHICLE,0
KA,2025-07-01,MEDIUM PASSENGER VEHICLE,0
KA,2025-07-01,OTHER THAN MENTIONED ABOVE,0
KA,2025-07-01,THREE WHEELER (Invalid Carriage),0
KA,2025-07-01,THREE WHEELER(NT),1
KA,2025-07-01,THREE WHEELER(T),558
KA,2025-07-01,TWO WHEELER (Invalid Carriage),5
KA,2025-07-01,TWO WHEELER(NT),12596
KA,2025-07-01,TWO WHEELER(T),242
KA,2025-08-01,FOUR WHEELER (Invalid Carriage),0
KA,2025-08-01,HEAVY GOODS VEHICLE,12
KA,2025-08-01,HEAVY MOTOR VEHICLE,0
KA,2025-08-01,HEAVY PASSENGER VEHICLE,53
KA,2025-08-01,LIGHT GOODS VEHICLE,61
KA,2025-08-01,LIGHT MOTOR VEHICLE,2409
KA,2025-08-01,LIGHT PASSENGER VEHICLE,160
KA,2025-08-01,MEDIUM GOODS VEHICLE,0
KA,2025-08-01,MEDIUM MOTOR VEHICLE,0
KA,2025-08-01,MEDIUM PASSENGER VEHICLE,0
KA,2025-08-01,OTHER THAN MENTIONED ABOVE,0
KA,2025-08-01,THREE WHEELER (Invalid Carriage),0
KA,2025-08-01,THREE WHEELER(NT),1
KA,2025-08-01,THREE WHEELER(T),451
KA,2025-08-01,TWO WHEELER (Invalid Carriage),0
KA,2025-08-01,TWO WHEELER(NT),14015
KA,2025-08-01,TWO WHEELER(T),879
KA,2025-09-01,FOUR WHEELER (Invalid Carriage),2
KA,2025-09-01,HEAVY GOODS VEHICLE,2
KA,2025-09-01,HEAVY MOTOR VEHICLE,0
KA,2025-09-01,HEAVY PASSENGER VEHICLE,17
KA,2025-09-01,LIGHT GOODS VEHICLE,56
KA,2025-09-01,LIGHT MOTOR VEHICLE,2761
KA,2025-09-01,LIGHT PASSENGER VEHICLE,123
KA,2025-09-01,MEDIUM GOODS VEHICLE,0
KA,2025-09-01,MEDIUM MOTOR VEHICLE,0
KA,2025-09-01,MEDIUM PASSENGER VEHICLE,0
KA,2025-09-01,OTHER THAN MENTIONED ABOVE,0
KA,2025-09-01,THREE WHEELER (Invalid Carriage),0
KA,2025-09-01,THREE WHEELER(NT),0
KA,2025-09-01,THREE WHEELER(T),561
KA,2025-09-01,TWO WHEELER (Invalid Carriage),0
KA,2025-09-01,TWO WHEELER(NT),13269
KA,2025-09-01,TWO WHEELER(T),885
KA,2025-10-01,FOUR WHEELER (Invalid Carriage),0
KA,2025-10-01,HEAVY GOODS VEHICLE,1
KA,2025-10-01,HEAVY MOTOR VEHICLE,0
KA,2025-10-01,HEAVY PASSENGER VEHICLE,0
KA,2025-10-01,LIGHT GOODS VEHICLE,73
KA,2025-10-01,LIGHT MOTOR VEHICLE,3197
KA,2025-10-01,LIGHT PASSENGER VEHICLE,123
KA,2025-10-01,MEDIUM GOODS VEHICLE,0
KA,2025-10-01,MEDIUM MOTOR VEHICLE,0
KA,2025-10-01,MEDIUM PASSENGER VEHICLE,1
KA,2025-10-01,OTHER THAN MENTIONED ABOVE,0
KA,2025-10-01,THREE WHEELER (Invalid Carriage),0
KA,2025-10-01,THREE WHEELER(NT),3
KA,2025-10-01,THREE WHEELER(T),823
KA,2025-10-01,TWO WHEELER (Invalid Carriage),0
KA,2025-10-01,TWO WHEELER(NT),18073
KA,2025-10-01,TWO WHEELER(T),594
KA,2025-11-01,FOUR WHEELER (Invalid Carriage),1
KA,2025-11-01,HEAVY GOODS VEHICLE,0
KA,2025-11-01,HEAVY MOTOR VEHICLE,0
KA,2025-11-01,HEAVY PASSENGER VEHICLE,2
KA,2025-11-01,LIGHT GOODS VEHICLE,81
KA,2025-11-01,LIGHT MOTOR VEHICLE,2848
KA,2025-11-01,LIGHT PASSENGER VEHICLE,61
KA,2025-11-01,MEDIUM GOODS VEHICLE,0
KA,2025-11-01,MEDIUM MOTOR VEHICLE,0
KA,2025-11-01,MEDIUM PASSENGER VEHICLE,0
KA,2025-11-01,OTHER THAN MENTIONED ABOVE,0
KA,2025-11-01,THREE WHEELER (Invalid Carriage),0
KA,2025-11-01,THREE WHEELER(NT),2
KA,2025-11-01,THREE WHEELER(T),703
KA,2025-11-01,TWO WHEELER (Invalid Carriage),2
KA,2025-11-01,TWO WHEELER(NT),13748
KA,2025-11-01,TWO WHEELER(T),921
KA,2025-12-01,FOUR WHEELER (Invalid Carriage),1
KA,2025-12-01,HEAVY GOODS VEHICLE,1
KA,2025-12-01,HEAVY MOTOR VEHICLE,0
KA,2025-12-01,HEAVY PASSENGER VEHICLE,0
KA,2025-12-01,LIGHT GOODS VEHICLE,81
KA,2025-12-01,LIGHT MOTOR VEHICLE,2565
KA,2025-12-01,LIGHT PASSENGER VEHICLE,51
KA,2025-12-01,MEDIUM GOODS VEHICLE,0
KA,2025-12-01,MEDIUM MOTOR VEHICLE,0
KA,2025-12-01,MEDIUM PASSENGER VEHICLE,0
KA,2025-12-01,OTHER THAN MENTIONED ABOVE,0
KA,2025-12-01,THREE WHEELER (Invalid Carriage),0
KA,2025-12-01,THREE WHEELER(NT),4
KA,2025-12-01,THREE WHEELER(T),560
KA,2025-12-01,TWO WHEELER (Invalid Carriage),12
KA,2025-12-01,TWO WHEELER(NT),11324
KA,2025-12-01,TWO WHEELER(T),827
KA,2026-01-01,FOUR WHEELER (Invalid Carriage),4
KA,2026-01-01,HEAVY GOODS VEHICLE,2
KA,2026-01-01,HEAVY MOTOR VEHICLE,0
KA,2026-01-01,HEAVY PASSENGER VEHICLE,25
KA,2026-01-01,LIGHT GOODS VEHICLE,126
KA,2026-01-01,LIGHT MOTOR VEHICLE,3509
KA,2026-01-01,LIGHT PASSENGER VEHICLE,200
KA,2026-01-01,MEDIUM GOODS VEHICLE,0
KA,2026-01-01,MEDIUM MOTOR VEHICLE,0
KA,2026-01-01,MEDIUM PASSENGER VEHICLE,0
KA,2026-01-01,OTHER THAN MENTIONED ABOVE,0
KA,2026-01-01,THREE WHEELER (Invalid Carriage),0
KA,2026-01-01,THREE WHEELER(NT),3
KA,2026-01-01,THREE WHEELER(T),607
KA,2026-01-01,TWO WHEELER (Invalid Carriage),0
KA,2026-01-01,TWO WHEELER(NT),15763
KA,2026-01-01,TWO WHEELER(T),1001
KA,2026-02-01,FOUR WHEELER (Invalid Carriage),2
KA,2026-02-01,HEAVY GOODS VEHICLE,7
KA,2026-02-01,HEAVY MOTOR VEHICLE,0
KA,2026-02-01,HEAVY PASSENGER VEHICLE,10
KA,2026-02-01,LIGHT GOODS VEHICLE,60
KA,2026-02-01,LIGHT MOTOR VEHICLE,2611
KA,2026-02-01,LIGHT PASSENGER VEHICLE,105
KA,2026-02-01,MEDIUM GOODS VEHICLE,0
KA,2026-02-01,MEDIUM MOTOR VEHICLE,0
KA,2026-02-01,MEDIUM PASSENGER VEHICLE,0
KA,2026-02-01,OTHER THAN MENTIONED ABOVE,0
KA,2026-02-01,THREE WHEELER (Invalid Carriage),0
KA,2026-02-01,THREE WHEELER(NT),4
KA,2026-02-01,THREE WHEELER(T),488
KA,2026-02-01,TWO WHEELER (Invalid Carriage),1
KA,2026-02-01,TWO WHEELER(NT),14310
KA,2026-02-01,TWO WHEELER(T),973
KA,2026-03-01,FOUR WHEELER (Invalid Carriage),0
KA,2026-03-01,HEAVY GOODS VEHICLE,6
KA,2026-03-01,HEAVY MOTOR VEHICLE,0
KA,2026-03-01,HEAVY PASSENGER VEHICLE,0
KA,2026-03-01,LIGHT GOODS VEHICLE,96
KA,2026-03-01,LIGHT MOTOR VEHICLE,4772
KA,2026-03-01,LIGHT PASSENGER VEHICLE,168
KA,2026-03-01,MEDIUM GOODS VEHICLE,0
KA,2026-03-01,MEDIUM MOTOR VEHICLE,0
KA,2026-03-01,MEDIUM PASSENGER VEHICLE,0
KA,2026-03-01,OTHER THAN MENTIONED ABOVE,0
KA,2026-03-01,THREE WHEELER (Invalid Carriage),0
KA,2026-03-01,THREE WHEELER(NT),2
KA,2026-03-01,THREE WHEELER(T),765
KA,2026-03-01,TWO WHEELER (Invalid Carriage),149
KA,2026-03-01,TWO WHEELER(NT),23539
KA,2026-03-01,TWO WHEELER(T),972
KA,2026-04-01,FOUR WHEELER (Invalid Carriage),1
KA,2026-04-01,HEAVY GOODS VEHICLE,0
KA,2026-04-01,HEAVY MOTOR VEHICLE,0
KA,2026-04-01,HEAVY PASSENGER VEHICLE,1
KA,2026-04-01,LIGHT GOODS VEHICLE,76
KA,2026-04-01,LIGHT MOTOR VEHICLE,4303
KA,2026-04-01,LIGHT PASSENGER VEHICLE,109
KA,2026-04-01,MEDIUM GOODS VEHICLE,0
KA,2026-04-01,MEDIUM MOTOR VEHICLE,0
KA,2026-04-01,MEDIUM PASSENGER VEHICLE,0
KA,2026-04-01,OTHER THAN MENTIONED ABOVE,0
KA,2026-04-01,THREE WHEELER (Invalid Carriage),0
KA,2026-04-01,THREE WHEELER(NT),2
KA,2026-04-01,THREE WHEELER(T),1087
KA,2026-04-01,TWO WHEELER (Invalid Carriage),164
KA,2026-04-01,TWO WHEELER(NT),18821
KA,2026-04-01,TWO WHEELER(T),1582
KA,2026-05-01,FOUR WHEELER (Invalid Carriage),3
KA,2026-05-01,HEAVY GOODS VEHICLE,0
KA,2026-05-01,HEAVY MOTOR VEHICLE,0
KA,2026-05-01,HEAVY PASSENGER VEHICLE,4
KA,2026-05-01,LIGHT GOODS VEHICLE,127
KA,2026-05-01,LIGHT MOTOR VEHICLE,2597
KA,2026-05-01,LIGHT PASSENGER VEHICLE,37
KA,2026-05-01,MEDIUM GOODS VEHICLE,1
KA,2026-05-01,MEDIUM MOTOR VEHICLE,0
KA,2026-05-01,MEDIUM PASSENGER VEHICLE,0
KA,2026-05-01,OTHER THAN MENTIONED ABOVE,0
KA,2026-05-01,THREE WHEELER (Invalid Carriage),0
KA,2026-05-01,THREE WHEELER(NT),1
KA,2026-05-01,THREE WHEELER(T),1096
KA,2026-05-01,TWO WHEELER (Invalid Carriage),81
KA,2026-05-01,TWO WHEELER(NT),19758
KA,2026-05-01,TWO WHEELER(T),1288
KA,2026-06-01,FOUR WHEELER (Invalid Carriage),1
KA,2026-06-01,HEAVY GOODS VEHICLE,0
KA,2026-06-01,HEAVY MOTOR VEHICLE,0
KA,2026-06-01,HEAVY PASSENGER VEHICLE,12
KA,2026-06-01,LIGHT GOODS VEHICLE,122
KA,2026-06-01,LIGHT MOTOR VEHICLE,3537
KA,2026-06-01,LIGHT PASSENGER VEHICLE,251
KA,2026-06-01,MEDIUM GOODS VEHICLE,0
KA,2026-06-01,MEDIUM MOTOR VEHICLE,0
KA,2026-06-01,MEDIUM PASSENGER VEHICLE,0
KA,2026-06-01,OTHER THAN MENTIONED ABOVE,0
KA,2026-06-01,THREE WHEELER (Invalid Carriage),0
KA,2026-06-01,THREE WHEELER(NT),5
KA,2026-06-01,THREE WHEELER(T),1040
KA,2026-06-01,TWO WHEELER (Invalid Carriage),28
KA,2026-06-01,TWO WHEELER(NT),21115
KA,2026-06-01,TWO WHEELER(T),1632
KA,2026-07-01,FOUR WHEELER (Invalid Carriage),5
KA,2026-07-01,HEAVY GOODS VEHICLE,0
KA,2026-07-01,HEAVY MOTOR VEHICLE,0
KA,2026-07-01,HEAVY PASSENGER VEHICLE,1
KA,2026-07-01,LIGHT GOODS VEHICLE,141
KA,2026-07-01,LIGHT MOTOR VEHICLE,3244
KA,2026-07-01,LIGHT PASSENGER VEHICLE,116
KA,2026-07-01,MEDIUM GOODS VEHICLE,0
KA,2026-07-01,MEDIUM MOTOR VEHICLE,0
KA,2026-07-01,MEDIUM PASSENGER VEHICLE,0
KA,2026-07-01,OTHER THAN MENTIONED ABOVE,0
KA,2026-07-01,THREE WHEELER (Invalid Carriage),0
KA,2026-07-01,THREE WHEELER(NT),5
KA,2026-07-01,THREE WHEELER(T),1225
KA,2026-07-01,TWO WHEELER (Invalid Carriage),9
KA,2026-07-01,TWO WHEELER(NT),21139
KA,2026-07-01,TWO WHEELER(T),1080
KA,2026-08-01,FOUR WHEELER (Invalid Carriage),1
KA,2026-08-01,HEAVY GOODS VEHICLE,1
KA,2026-08-01,HEAVY MOTOR VEHICLE,0
KA,2026-08-01,HEAVY PASSENGER VEHICLE,0
KA,2026-08-01,LIGHT GOODS VEHICLE,113
KA,2026-08-01,LIGHT MOTOR VEHICLE,2414
KA,2026-08-01,LIGHT PASSENGER VEHICLE,193
KA,2026-08-01,MEDIUM GOODS VEHICLE,0
KA,2026-08-01,MEDIUM MOTOR VEHICLE,0
KA,2026-08-01,MEDIUM PASSENGER VEHICLE,0
KA,2026-08-01,OTHER THAN MENTIONED ABOVE,0
KA,2026-08-01,THREE WHEELER (Invalid Carriage),0
KA,2026-08-01,THREE WHEELER(NT),5
KA,2026-08-01,THREE WHEELER(T),972
KA,2026-08-01,TWO WHEELER (Invalid Carriage),0
KA,2026-08-01,TWO WHEELER(NT),13297
KA,2026-08-01,TWO WHEELER(T),31
KA,2026-09-01,FOUR WHEELER (Invalid Carriage),1
KA,2026-09-01,HEAVY GOODS VEHICLE,0
KA,2026-09-01,HEAVY MOTOR VEHICLE,0
KA,2026-09-01,HEAVY PASSENGER VEHICLE,4
KA,2026-09-01,LIGHT GOODS VEHICLE,21
KA,2026-09-01,LIGHT MOTOR VEHICLE,325
KA,2026-09-01,LIGHT PASSENGER VEHICLE,20
KA,2026-09-01,MEDIUM GOODS VEHICLE,0
KA,2026-09-01,MEDIUM MOTOR VEHICLE,0
KA,2026-09-01,MEDIUM PASSENGER VEHICLE,0
KA,2026-09-01,OTHER THAN MENTIONED ABOVE,0
KA,2026-09-01,THREE WHEELER (Invalid Carriage),0
KA,2026-09-01,THREE WHEELER(NT),2
KA,2026-09-01,THREE WHEELER(T),138
KA,2026-09-01,TWO WHEELER (Invalid Carriage),0
KA,2026-09-01,TWO WHEELER(NT),879
KA,2026-09-01,TWO WHEELER(T),0
TN,2017-01-01,FOUR WHEELER (Invalid Carriage),0
TN,2017-01-01,HEAVY GOODS VEHICLE,0
TN,2017-01-01,HEAVY MOTOR VEHICLE,0
TN,2017-01-01,HEAVY PASSENGER VEHICLE,0
TN,2017-01-01,LIGHT GOODS VEHICLE,0
TN,2017-01-01,LIGHT MOTOR VEHICLE,0
TN,2017-01-01,LIGHT PASSENGER VEHICLE,0
TN,2017-01-01,MEDIUM GOODS VEHICLE,0
TN,2017-01-01,MEDIUM MOTOR VEHICLE,0
TN,2017-01-01,MEDIUM PASSENGER VEHICLE,0
TN,2017-01-01,OTHER THAN MENTIONED ABOVE,0
TN,2017-01-01,THREE WHEELER (Invalid Carriage),0
TN,2017-01-01,THREE WHEELER(NT),0
TN,2017-01-01,THREE WHEELER(T),0
TN,2017-01-01,TWO WHEELER (Invalid Carriage),0
TN,2017-01-01,TWO WHEELER(NT),0
TN,2017-01-01,TWO WHEELER(T),0
TN,2017-02-01,FOUR WHEELER (Invalid Carriage),0
TN,2017-02-01,HEAVY GOODS VEHICLE,0
TN,2017-02-01,HEAVY MOTOR VEHICLE,0
TN,2017-02-01,HEAVY PASSENGER VEHICLE,0
TN,2017-02-01,LIGHT GOODS VEHICLE,1
TN,2017-02-01,LIGHT MOTOR VEHICLE,1
TN,2017-02-01,LIGHT PASSENGER VEHICLE,0
TN,2017-02-01,MEDIUM GOODS VEHICLE,0
TN,2017-02-01,MEDIUM MOTOR VEHICLE,0
TN,2017-02-01,MEDIUM PASSENGER VEHICLE,0
TN,2017-02-01,OTHER THAN MENTIONED ABOVE,1
TN,2017-02-01,THREE WHEELER (Invalid Carriage),0
TN,2017-02-01,THREE WHEELER(NT),0
TN,2017-02-01,THREE WHEELER(T),0
TN,2017-02-01,TWO WHEELER (Invalid Carriage),0
TN,2017-02-01,TWO WHEELER(NT),0
TN,2017-02-01,TWO WHEELER(T),0
TN,2017-03-01,FOUR WHEELER (Invalid Carriage),0
TN,2017-03-01,HEAVY GOODS VEHICLE,0
TN,2017-03-01,HEAVY MOTOR VEHICLE,0
TN,2017-03-01,HEAVY PASSENGER VEHICLE,0
TN,2017-03-01,LIGHT GOODS VEHICLE,0
TN,2017-03-01,LIGHT MOTOR VEHICLE,2
TN,2017-03-01,LIGHT PASSENGER VEHICLE,0
TN,2017-03-01,MEDIUM GOODS VEHICLE,0
TN,2017-03-01,MEDIUM MOTOR VEHICLE,0
TN,2017-03-01,MEDIUM PASSENGER VEHICLE,0
TN,2017-03-01,OTHER THAN MENTIONED ABOVE,0
TN,2017-03-01,THREE WHEELER (Invalid Carriage),0
TN,2017-03-01,THREE WHEELER(NT),0
TN,2017-03-01,THREE WHEELER(T),0
TN,2017-03-01,TWO WHEELER (Invalid Carriage),0
TN,2017-03-01,TWO WHEELER(NT),0
TN,2017-03-01,TWO WHEELER(T),0
TN,2017-04-01,FOUR WHEELER (Invalid Carriage),0
TN,2017-04-01,HEAVY GOODS VEHICLE,0
TN,2017-04-01,HEAVY MOTOR VEHICLE,0
TN,2017-04-01,HEAVY PASSENGER VEHICLE,0
TN,2017-04-01,LIGHT GOODS VEHICLE,0
TN,2017-04-01,LIGHT MOTOR VEHICLE,0
TN,2017-04-01,LIGHT PASSENGER VEHICLE,0
TN,2017-04-01,MEDIUM GOODS VEHICLE,0
TN,2017-04-01,MEDIUM MOTOR VEHICLE,0
TN,2017-04-01,MEDIUM PASSENGER VEHICLE,0
TN,2017-04-01,OTHER THAN MENTIONED ABOVE,0
TN,2017-04-01,THREE WHEELER (Invalid Carriage),0
TN,2017-04-01,THREE WHEELER(NT),0
TN,2017-04-01,THREE WHEELER(T),0
TN,2017-04-01,TWO WHEELER (Invalid Carriage),0
TN,2017-04-01,TWO WHEELER(NT),0
TN,2017-04-01,TWO WHEELER(T),0
TN,2017-05-01,FOUR WHEELER (Invalid Carriage),0
TN,2017-05-01,HEAVY GOODS VEHICLE,0
TN,2017-05-01,HEAVY MOTOR VEHICLE,1
TN,2017-05-01,HEAVY PASSENGER VEHICLE,0
TN,2017-05-01,LIGHT GOODS VEHICLE,0
TN,2017-05-01,LIGHT MOTOR VEHICLE,3
TN,2017-05-01,LIGHT PASSENGER VEHICLE,0
TN,2017-05-01,MEDIUM GOODS VEHICLE,0
TN,2017-05-01,MEDIUM MOTOR VEHICLE,0
TN,2017-05-01,MEDIUM PASSENGER VEHICLE,0
TN,2017-05-01,OTHER THAN MENTIONED ABOVE,0
TN,2017-05-01,THREE WHEELER (Invalid Carriage),0
TN,2017-05-01,THREE WHEELER(NT),0
TN,2017-05-01,THREE WHEELER(T),0
TN,2017-05-01,TWO WHEELER (Invalid Carriage),0
TN,2017-05-01,TWO WHEELER(NT),1
TN,2017-05-01,TWO WHEELER(T),0
TN,2017-06-01,FOUR WHEELER (Invalid Carriage),0
TN,2017-06-01,HEAVY GOODS VEHICLE,0
TN,2017-06-01,HEAVY MOTOR VEHICLE,0
TN,2017-06-01,HEAVY PASSENGER VEHICLE,0
TN,2017-06-01,LIGHT GOODS VEHICLE,0
TN,2017-06-01,LIGHT MOTOR VEHICLE,0
TN,2017-06-01,LIGHT PASSENGER VEHICLE,0
TN,2017-06-01,MEDIUM GOODS VEHICLE,0
TN,2017-06-01,MEDIUM MOTOR VEHICLE,0
TN,2017-06-01,MEDIUM PASSENGER VEHICLE,0
TN,2017-06-01,OTHER THAN MENTIONED ABOVE,0
TN,2017-06-01,THREE WHEELER (Invalid Carriage),0
TN,2017-06-01,THREE WHEELER(NT),0
TN,2017-06-01,THREE WHEELER(T),0
TN,2017-06-01,TWO WHEELER (Invalid Carriage),0
TN,2017-06-01,TWO WHEELER(NT),1
TN,2017-06-01,TWO WHEELER(T),0
TN,2017-07-01,FOUR WHEELER (Invalid Carriage),0
TN,2017-07-01,HEAVY GOODS VEHICLE,0
TN,2017-07-01,HEAVY MOTOR VEHICLE,0
TN,2017-07-01,HEAVY PASSENGER VEHICLE,0
TN,2017-07-01,LIGHT GOODS VEHICLE,0
TN,2017-07-01,LIGHT MOTOR VEHICLE,0
TN,2017-07-01,LIGHT PASSENGER VEHICLE,0
TN,2017-07-01,MEDIUM GOODS VEHICLE,0
TN,2017-07-01,MEDIUM MOTOR VEHICLE,0
TN,2017-07-01,MEDIUM PASSENGER VEHICLE,0
TN,2017-07-01,OTHER THAN MENTIONED ABOVE,0
TN,2017-07-01,THREE WHEELER (Invalid Carriage),0
TN,2017-07-01,THREE WHEELER(NT),1
TN,2017-07-01,THREE WHEELER(T),0
TN,2017-07-01,TWO WHEELER (Invalid Carriage),0
TN,2017-07-01,TWO WHEELER(NT),0
TN,2017-07-01,TWO WHEELER(T),0
TN,2017-08-01,FOUR WHEELER (Invalid Carriage),0
TN,2017-08-01,HEAVY GOODS VEHICLE,0
TN,2017-08-01,HEAVY MOTOR VEHICLE,0
TN,2017-08-01,HEAVY PASSENGER VEHICLE,0
TN,2017-08-01,LIGHT GOODS VEHICLE,0
TN,2017-08-01,LIGHT MOTOR VEHICLE,1
TN,2017-08-01,LIGHT PASSENGER VEHICLE,0
TN,2017-08-01,MEDIUM GOODS VEHICLE,0
TN,2017-08-01,MEDIUM MOTOR VEHICLE,0
TN,2017-08-01,MEDIUM PASSENGER VEHICLE,0
TN,2017-08-01,OTHER THAN MENTIONED ABOVE,0
TN,2017-08-01,THREE WHEELER (Invalid Carriage),0
TN,2017-08-01,THREE WHEELER(NT),0
TN,2017-08-01,THREE WHEELER(T),0
TN,2017-08-01,TWO WHEELER (Invalid Carriage),0
TN,2017-08-01,TWO WHEELER(NT),2
TN,2017-08-01,TWO WHEELER(T),0
TN,2017-09-01,FOUR WHEELER (Invalid Carriage),0
TN,2017-09-01,HEAVY GOODS VEHICLE,0
TN,2017-09-01,HEAVY MOTOR VEHICLE,0
TN,2017-09-01,HEAVY PASSENGER VEHICLE,0
TN,2017-09-01,LIGHT GOODS VEHICLE,0
TN,2017-09-01,LIGHT MOTOR VEHICLE,1
TN,2017-09-01,LIGHT PASSENGER VEHICLE,0
TN,2017-09-01,MEDIUM GOODS VEHICLE,0
TN,2017-09-01,MEDIUM MOTOR VEHICLE,0
TN,2017-09-01,MEDIUM PASSENGER VEHICLE,0
TN,2017-09-01,OTHER THAN MENTIONED ABOVE,0
TN,2017-09-01,THREE WHEELER (Invalid Carriage),0
TN,2017-09-01,THREE WHEELER(NT),0
TN,2017-09-01,THREE WHEELER(T),0
TN,2017-09-01,TWO WHEELER (Invalid Carriage),0
TN,2017-09-01,TWO WHEELER(NT),0
TN,2017-09-01,TWO WHEELER(T),0
TN,2017-10-01,FOUR WHEELER (Invalid Carriage),0
TN,2017-10-01,HEAVY GOODS VEHICLE,0
TN,2017-10-01,HEAVY MOTOR VEHICLE,0
TN,2017-10-01,HEAVY PASSENGER VEHICLE,0
TN,2017-10-01,LIGHT GOODS VEHICLE,0
TN,2017-10-01,LIGHT MOTOR VEHICLE,1
TN,2017-10-01,LIGHT PASSENGER VEHICLE,0
TN,2017-10-01,MEDIUM GOODS VEHICLE,0
TN,2017-10-01,MEDIUM MOTOR VEHICLE,0
TN,2017-10-01,MEDIUM PASSENGER VEHICLE,0
TN,2017-10-01,OTHER THAN MENTIONED ABOVE,0
TN,2017-10-01,THREE WHEELER (Invalid Carriage),0
TN,2017-10-01,THREE WHEELER(NT),0
TN,2017-10-01,THREE WHEELER(T),0
TN,2017-10-01,TWO WHEELER (Invalid Carriage),0
TN,2017-10-01,TWO WHEELER(NT),0
TN,2017-10-01,TWO WHEELER(T),0
TN,2017-11-01,FOUR WHEELER (Invalid Carriage),0
TN,2017-11-01,HEAVY GOODS VEHICLE,0
TN,2017-11-01,HEAVY MOTOR VEHICLE,0
TN,2017-11-01,HEAVY PASSENGER VEHICLE,0
TN,2017-11-01,LIGHT GOODS VEHICLE,0
TN,2017-11-01,LIGHT MOTOR VEHICLE,1
TN,2017-11-01,LIGHT PASSENGER VEHICLE,0
TN,2017-11-01,MEDIUM GOODS VEHICLE,0
TN,2017-11-01,MEDIUM MOTOR VEHICLE,0
TN,2017-11-01,MEDIUM PASSENGER VEHICLE,0
TN,2017-11-01,OTHER THAN MENTIONED ABOVE,0
TN,2017-11-01,THREE WHEELER (Invalid Carriage),0
TN,2017-11-01,THREE WHEELER(NT),0
TN,2017-11-01,THREE WHEELER(T),0
TN,2017-11-01,TWO WHEELER (Invalid Carriage),0
TN,2017-11-01,TWO WHEELER(NT),3
TN,2017-11-01,TWO WHEELER(T),0
TN,2017-12-01,FOUR WHEELER (Invalid Carriage),0
TN,2017-12-01,HEAVY GOODS VEHICLE,0
TN,2017-12-01,HEAVY MOTOR VEHICLE,0
TN,2017-12-01,HEAVY PASSENGER VEHICLE,0
TN,2017-12-01,LIGHT GOODS VEHICLE,0
TN,2017-12-01,LIGHT MOTOR VEHICLE,1
TN,2017-12-01,LIGHT PASSENGER VEHICLE,0
TN,2017-12-01,MEDIUM GOODS VEHICLE,0
TN,2017-12-01,MEDIUM MOTOR VEHICLE,0
TN,2017-12-01,MEDIUM PASSENGER VEHICLE,0
TN,2017-12-01,OTHER THAN MENTIONED ABOVE,0
TN,2017-12-01,THREE WHEELER (Invalid Carriage),0
TN,2017-12-01,THREE WHEELER(NT),0
TN,2017-12-01,THREE WHEELER(T),0
TN,2017-12-01,TWO WHEELER (Invalid Carriage),0
TN,2017-12-01,TWO WHEELER(NT),0
TN,2017-12-01,TWO WHEELER(T),0
TN,2018-01-01,FOUR WHEELER (Invalid Carriage),0
TN,2018-01-01,HEAVY GOODS VEHICLE,0
TN,2018-01-01,HEAVY MOTOR VEHICLE,0
TN,2018-01-01,HEAVY PASSENGER VEHICLE,0
TN,2018-01-01,LIGHT GOODS VEHICLE,0
TN,2018-01-01,LIGHT MOTOR VEHICLE,2
TN,2018-01-01,LIGHT PASSENGER VEHICLE,0
TN,2018-01-01,MEDIUM GOODS VEHICLE,0
TN,2018-01-01,MEDIUM MOTOR VEHICLE,0
TN,2018-01-01,MEDIUM PASSENGER VEHICLE,0
TN,2018-01-01,OTHER THAN MENTIONED ABOVE,0
TN,2018-01-01,THREE WHEELER (Invalid Carriage),0
TN,2018-01-01,THREE WHEELER(NT),0
TN,2018-01-01,THREE WHEELER(T),0
TN,2018-01-01,TWO WHEELER (Invalid Carriage),0
TN,2018-01-01,TWO WHEELER(NT),0
TN,2018-01-01,TWO WHEELER(T),0
TN,2018-02-01,FOUR WHEELER (Invalid Carriage),0
TN,2018-02-01,HEAVY GOODS VEHICLE,0
TN,2018-02-01,HEAVY MOTOR VEHICLE,0
TN,2018-02-01,HEAVY PASSENGER VEHICLE,0
TN,2018-02-01,LIGHT GOODS VEHICLE,0
TN,2018-02-01,LIGHT MOTOR VEHICLE,3
TN,2018-02-01,LIGHT PASSENGER VEHICLE,0
TN,2018-02-01,MEDIUM GOODS VEHICLE,0
TN,2018-02-01,MEDIUM MOTOR VEHICLE,0
TN,2018-02-01,MEDIUM PASSENGER VEHICLE,0
TN,2018-02-01,OTHER THAN MENTIONED ABOVE,0
TN,2018-02-01,THREE WHEELER (Invalid Carriage),0
TN,2018-02-01,THREE WHEELER(NT),0
TN,2018-02-01,THREE WHEELER(T),0
TN,2018-02-01,TWO WHEELER (Invalid Carriage),0
TN,2018-02-01,TWO WHEELER(NT),0
TN,2018-02-01,TWO WHEELER(T),0
TN,2018-03-01,FOUR WHEELER (Invalid Carriage),0
TN,2018-03-01,HEAVY GOODS VEHICLE,0
TN,2018-03-01,HEAVY MOTOR VEHICLE,0
TN,2018-03-01,HEAVY PASSENGER VEHICLE,0
TN,2018-03-01,LIGHT GOODS VEHICLE,0
TN,2018-03-01,LIGHT MOTOR VEHICLE,4
TN,2018-03-01,LIGHT PASSENGER VEHICLE,0
TN,2018-03-01,MEDIUM GOODS VEHICLE,0
TN,2018-03-01,MEDIUM MOTOR VEHICLE,0
TN,2018-03-01,MEDIUM PASSENGER VEHICLE,0
TN,2018-03-01,OTHER THAN MENTIONED ABOVE,0
TN,2018-03-01,THREE WHEELER (Invalid Carriage),0
TN,2018-03-01,THREE WHEELER(NT),0
TN,2018-03-01,THREE WHEELER(T),0
TN,2018-03-01,TWO WHEELER (Invalid Carriage),0
TN,2018-03-01,TWO WHEELER(NT),2
TN,2018-03-01,TWO WHEELER(T),0
TN,2018-04-01,FOUR WHEELER (Invalid Carriage),0
TN,2018-04-01,HEAVY GOODS VEHICLE,0
TN,2018-04-01,HEAVY MOTOR VEHICLE,0
TN,2018-04-01,HEAVY PASSENGER VEHICLE,0
TN,2018-04-01,LIGHT GOODS VEHICLE,1
TN,2018-04-01,LIGHT MOTOR VEHICLE,3
TN,2018-04-01,LIGHT PASSENGER VEHICLE,0
TN,2018-04-01,MEDIUM GOODS VEHICLE,0
TN,2018-04-01,MEDIUM MOTOR VEHICLE,0
TN,2018-04-01,MEDIUM PASSENGER VEHICLE,0
TN,2018-04-01,OTHER THAN MENTIONED ABOVE,0
TN,2018-04-01,THREE WHEELER (Invalid Carriage),0
TN,2018-04-01,THREE WHEELER(NT),0
TN,2018-04-01,THREE WHEELER(T),0
TN,2018-04-01,TWO WHEELER (Invalid Carriage),0
TN,2018-04-01,TWO WHEELER(NT),1
TN,2018-04-01,TWO WHEELER(T),0
TN,2018-05-01,FOUR WHEELER (Invalid Carriage),0
TN,2018-05-01,HEAVY GOODS VEHICLE,0
TN,2018-05-01,HEAVY MOTOR VEHICLE,0
TN,2018-05-01,HEAVY PASSENGER VEHICLE,0
TN,2018-05-01,LIGHT GOODS VEHICLE,0
TN,2018-05-01,LIGHT MOTOR VEHICLE,3
TN,2018-05-01,LIGHT PASSENGER VEHICLE,0
TN,2018-05-01,MEDIUM GOODS VEHICLE,0
TN,2018-05-01,MEDIUM MOTOR VEHICLE,0
TN,2018-05-01,MEDIUM PASSENGER VEHICLE,0
TN,2018-05-01,OTHER THAN MENTIONED ABOVE,0
TN,2018-05-01,THREE WHEELER (Invalid Carriage),0
TN,2018-05-01,THREE WHEELER(NT),0
TN,2018-05-01,THREE WHEELER(T),0
TN,2018-05-01,TWO WHEELER (Invalid Carriage),0
TN,2018-05-01,TWO WHEELER(NT),5
TN,2018-05-01,TWO WHEELER(T),0
TN,2018-06-01,FOUR WHEELER (Invalid Carriage),0
TN,2018-06-01,HEAVY GOODS VEHICLE,0
TN,2018-06-01,HEAVY MOTOR VEHICLE,0
TN,2018-06-01,HEAVY PASSENGER VEHICLE,0
TN,2018-06-01,LIGHT GOODS VEHICLE,0
TN,2018-06-01,LIGHT MOTOR VEHICLE,3
TN,2018-06-01,LIGHT PASSENGER VEHICLE,0
TN,2018-06-01,MEDIUM GOODS VEHICLE,0
TN,2018-06-01,MEDIUM MOTOR VEHICLE,0
TN,2018-06-01,MEDIUM PASSENGER VEHICLE,0
TN,2018-06-01,OTHER THAN MENTIONED ABOVE,0
TN,2018-06-01,THREE WHEELER (Invalid Carriage),0
TN,2018-06-01,THREE WHEELER(NT),0
TN,2018-06-01,THREE WHEELER(T),0
TN,2018-06-01,TWO WHEELER (Invalid Carriage),0
TN,2018-06-01,TWO WHEELER(NT),8
TN,2018-06-01,TWO WHEELER(T),0
TN,2018-07-01,FOUR WHEELER (Invalid Carriage),0
TN,2018-07-01,HEAVY GOODS VEHICLE,0
TN,2018-07-01,HEAVY MOTOR VEHICLE,0
TN,2018-07-01,HEAVY PASSENGER VEHICLE,0
TN,2018-07-01,LIGHT GOODS VEHICLE,0
TN,2018-07-01,LIGHT MOTOR VEHICLE,4
TN,2018-07-01,LIGHT PASSENGER VEHICLE,0
TN,2018-07-01,MEDIUM GOODS VEHICLE,0
TN,2018-07-01,MEDIUM MOTOR VEHICLE,0
TN,2018-07-01,MEDIUM PASSENGER VEHICLE,0
TN,2018-07-01,OTHER THAN MENTIONED ABOVE,0
TN,2018-07-01,THREE WHEELER (Invalid Carriage),0
TN,2018-07-01,THREE WHEELER(NT),0
TN,2018-07-01,THREE WHEELER(T),0
TN,2018-07-01,TWO WHEELER (Invalid Carriage),0
TN,2018-07-01,TWO WHEELER(NT),8
TN,2018-07-01,TWO WHEELER(T),0
TN,2018-08-01,FOUR WHEELER (Invalid Carriage),0
TN,2018-08-01,HEAVY GOODS VEHICLE,0
TN,2018-08-01,HEAVY MOTOR VEHICLE,0
TN,2018-08-01,HEAVY PASSENGER VEHICLE,0
TN,2018-08-01,LIGHT GOODS VEHICLE,0
TN,2018-08-01,LIGHT MOTOR VEHICLE,4
TN,2018-08-01,LIGHT PASSENGER VEHICLE,0
TN,2018-08-01,MEDIUM GOODS VEHICLE,0
TN,2018-08-01,MEDIUM MOTOR VEHICLE,0
TN,2018-08-01,MEDIUM PASSENGER VEHICLE,0
TN,2018-08-01,OTHER THAN MENTIONED ABOVE,0
TN,2018-08-01,THREE WHEELER (Invalid Carriage),0
TN,2018-08-01,THREE WHEELER(NT),0
TN,2018-08-01,THREE WHEELER(T),0
TN,2018-08-01,TWO WHEELER (Invalid Carriage),0
TN,2018-08-01,TWO WHEELER(NT),12
TN,2018-08-01,TWO WHEELER(T),0
TN,2018-09-01,FOUR WHEELER (Invalid Carriage),0
TN,2018-09-01,HEAVY GOODS VEHICLE,0
TN,2018-09-01,HEAVY MOTOR VEHICLE,0
TN,2018-09-01,HEAVY PASSENGER VEHICLE,0
TN,2018-09-01,LIGHT GOODS VEHICLE,0
TN,2018-09-01,LIGHT MOTOR VEHICLE,2
TN,2018-09-01,LIGHT PASSENGER VEHICLE,0
TN,2018-09-01,MEDIUM GOODS VEHICLE,0
TN,2018-09-01,MEDIUM MOTOR VEHICLE,0
TN,2018-09-01,MEDIUM PASSENGER VEHICLE,0
TN,2018-09-01,OTHER THAN MENTIONED ABOVE,0
TN,2018-09-01,THREE WHEELER (Invalid Carriage),0
TN,2018-09-01,THREE WHEELER(NT),0
TN,2018-09-01,THREE WHEELER(T),0
TN,2018-09-01,TWO WHEELER (Invalid Carriage),0
TN,2018-09-01,TWO WHEELER(NT),16
TN,2018-09-01,TWO WHEELER(T),0
TN,2018-10-01,FOUR WHEELER (Invalid Carriage),0
TN,2018-10-01,HEAVY GOODS VEHICLE,0
TN,2018-10-01,HEAVY MOTOR VEHICLE,0
TN,2018-10-01,HEAVY PASSENGER VEHICLE,0
TN,2018-10-01,LIGHT GOODS VEHICLE,0
TN,2018-10-01,LIGHT MOTOR VEHICLE,1
TN,2018-10-01,LIGHT PASSENGER VEHICLE,0
TN,2018-10-01,MEDIUM GOODS VEHICLE,0
TN,2018-10-01,MEDIUM MOTOR VEHICLE,0
TN,2018-10-01,MEDIUM PASSENGER VEHICLE,0
TN,2018-10-01,OTHER THAN MENTIONED ABOVE,0
TN,2018-10-01,THREE WHEELER (Invalid Carriage),0
TN,2018-10-01,THREE WHEELER(NT),0
TN,2018-10-01,THREE WHEELER(T),0
TN,2018-10-01,TWO WHEELER (Invalid Carriage),0
TN,2018-10-01,TWO WHEELER(NT),19
TN,2018-10-01,TWO WHEELER(T),0
TN,2018-11-01,FOUR WHEELER (Invalid Carriage),0
TN,2018-11-01,HEAVY GOODS VEHICLE,0
TN,2018-11-01,HEAVY MOTOR VEHICLE,0
TN,2018-11-01,HEAVY PASSENGER VEHICLE,0
TN,2018-11-01,LIGHT GOODS VEHICLE,0
TN,2018-11-01,LIGHT MOTOR VEHICLE,2
TN,2018-11-01,LIGHT PASSENGER VEHICLE,0
TN,2018-11-01,MEDIUM GOODS VEHICLE,0
TN,2018-11-01,MEDIUM MOTOR VEHICLE,0
TN,2018-11-01,MEDIUM PASSENGER VEHICLE,0
TN,2018-11-01,OTHER THAN MENTIONED ABOVE,0
TN,2018-11-01,THREE WHEELER (Invalid Carriage),0
TN,2018-11-01,THREE WHEELER(NT),0
TN,2018-11-01,THREE WHEELER(T),0
TN,2018-11-01,TWO WHEELER (Invalid Carriage),0
TN,2018-11-01,TWO WHEELER(NT),14
TN,2018-11-01,TWO WHEELER(T),0
TN,2018-12-01,FOUR WHEELER (Invalid Carriage),0
TN,2018-12-01,HEAVY GOODS VEHICLE,0
TN,2018-12-01,HEAVY MOTOR VEHICLE,0
TN,2018-12-01,HEAVY PASSENGER VEHICLE,0
TN,2018-12-01,LIGHT GOODS VEHICLE,0
TN,2018-12-01,LIGHT MOTOR VEHICLE,1
TN,2018-12-01,LIGHT PASSENGER VEHICLE,0
TN,2018-12-01,MEDIUM GOODS VEHICLE,0
TN,2018-12-01,MEDIUM MOTOR VEHICLE,0
TN,2018-12-01,MEDIUM PASSENGER VEHICLE,0
TN,2018-12-01,OTHER THAN MENTIONED ABOVE,0
TN,2018-12-01,THREE WHEELER (Invalid Carriage),0
TN,2018-12-01,THREE WHEELER(NT),0
TN,2018-12-01,THREE WHEELER(T),0
TN,2018-12-01,TWO WHEELER (Invalid Carriage),0
TN,2018-12-01,TWO WHEELER(NT),20
TN,2018-12-01,TWO WHEELER(T),0
TN,2019-01-01,FOUR WHEELER (Invalid Carriage),0
TN,2019-01-01,HEAVY GOODS VEHICLE,0
TN,2019-01-01,HEAVY MOTOR VEHICLE,0
TN,2019-01-01,HEAVY PASSENGER VEHICLE,0
TN,2019-01-01,LIGHT GOODS VEHICLE,0
TN,2019-01-01,LIGHT MOTOR VEHICLE,2
TN,2019-01-01,LIGHT PASSENGER VEHICLE,0
TN,2019-01-01,MEDIUM GOODS VEHICLE,0
TN,2019-01-01,MEDIUM MOTOR VEHICLE,0
TN,2019-01-01,MEDIUM PASSENGER VEHICLE,0
TN,2019-01-01,OTHER THAN MENTIONED ABOVE,0
TN,2019-01-01,THREE WHEELER (Invalid Carriage),0
TN,2019-01-01,THREE WHEELER(NT),0
TN,2019-01-01,THREE WHEELER(T),0
TN,2019-01-01,TWO WHEELER (Invalid Carriage),0
TN,2019-01-01,TWO WHEELER(NT),13
TN,2019-01-01,TWO WHEELER(T),0
TN,2019-02-01,FOUR WHEELER (Invalid Carriage),0
TN,2019-02-01,HEAVY GOODS VEHICLE,0
TN,2019-02-01,HEAVY MOTOR VEHICLE,0
TN,2019-02-01,HEAVY PASSENGER VEHICLE,0
TN,2019-02-01,LIGHT GOODS VEHICLE,0
TN,2019-02-01,LIGHT MOTOR VEHICLE,0
TN,2019-02-01,LIGHT PASSENGER VEHICLE,2
TN,2019-02-01,MEDIUM GOODS VEHICLE,0
TN,2019-02-01,MEDIUM MOTOR VEHICLE,0
TN,2019-02-01,MEDIUM PASSENGER VEHICLE,0
TN,2019-02-01,OTHER THAN MENTIONED ABOVE,0
TN,2019-02-01,THREE WHEELER (Invalid Carriage),0
TN,2019-02-01,THREE WHEELER(NT),0
TN,2019-02-01,THREE WHEELER(T),0
TN,2019-02-01,TWO WHEELER (Invalid Carriage),0
TN,2019-02-01,TWO WHEELER(NT),27
TN,2019-02-01,TWO WHEELER(T),0
TN,2019-03-01,FOUR WHEELER (Invalid Carriage),0
TN,2019-03-01,HEAVY GOODS VEHICLE,0
TN,2019-03-01,HEAVY MOTOR VEHICLE,0
TN,2019-03-01,HEAVY PASSENGER VEHICLE,0
TN,2019-03-01,LIGHT GOODS VEHICLE,0
TN,2019-03-01,LIGHT MOTOR VEHICLE,1
TN,2019-03-01,LIGHT PASSENGER VEHICLE,0
TN,2019-03-01,MEDIUM GOODS VEHICLE,0
TN,2019-03-01,MEDIUM MOTOR VEHICLE,0
TN,2019-03-01,MEDIUM PASSENGER VEHICLE,0
TN,2019-03-01,OTHER THAN MENTIONED ABOVE,0
TN,2019-03-01,THREE WHEELER (Invalid Carriage),0
TN,2019-03-01,THREE WHEELER(NT),0
TN,2019-03-01,THREE WHEELER(T),0
TN,2019-03-01,TWO WHEELER (Invalid Carriage),0
TN,2019-03-01,TWO WHEELER(NT),32
TN,2019-03-01,TWO WHEELER(T),0
TN,2019-04-01,FOUR WHEELER (Invalid Carriage),0
TN,2019-04-01,HEAVY GOODS VEHICLE,0
TN,2019-04-01,HEAVY MOTOR VEHICLE,0
TN,2019-04-01,HEAVY PASSENGER VEHICLE,0
TN,2019-04-01,LIGHT GOODS VEHICLE,0
TN,2019-04-01,LIGHT MOTOR VEHICLE,3
TN,2019-04-01,LIGHT PASSENGER VEHICLE,0
TN,2019-04-01,MEDIUM GOODS VEHICLE,0
TN,2019-04-01,MEDIUM MOTOR VEHICLE,0
TN,2019-04-01,MEDIUM PASSENGER VEHICLE,0
TN,2019-04-01,OTHER THAN MENTIONED ABOVE,0
TN,2019-04-01,THREE WHEELER (Invalid Carriage),0
TN,2019-04-01,THREE WHEELER(NT),0
TN,2019-04-01,THREE WHEELER(T),0
TN,2019-04-01,TWO WHEELER (Invalid Carriage),0
TN,2019-04-01,TWO WHEELER(NT),24
TN,2019-04-01,TWO WHEELER(T),0
TN,2019-05-01,FOUR WHEELER (Invalid Carriage),0
TN,2019-05-01,HEAVY GOODS VEHICLE,0
TN,2019-05-01,HEAVY MOTOR VEHICLE,0
TN,2019-05-01,HEAVY PASSENGER VEHICLE,0
TN,2019-05-01,LIGHT GOODS VEHICLE,0
TN,2019-05-01,LIGHT MOTOR VEHICLE,10
TN,2019-05-01,LIGHT PASSENGER VEHICLE,0
TN,2019-05-01,MEDIUM GOODS VEHICLE,0
TN,2019-05-01,MEDIUM MOTOR VEHICLE,0
TN,2019-05-01,MEDIUM PASSENGER VEHICLE,0
TN,2019-05-01,OTHER THAN MENTIONED ABOVE,0
TN,2019-05-01,THREE WHEELER (Invalid Carriage),0
TN,2019-05-01,THREE WHEELER(NT),0
TN,2019-05-01,THREE WHEELER(T),0
TN,2019-05-01,TWO WHEELER (Invalid Carriage),0
TN,2019-05-01,TWO WHEELER(NT),10
TN,2019-05-01,TWO WHEELER(T),0
TN,2019-06-01,FOUR WHEELER (Invalid Carriage),0
TN,2019-06-01,HEAVY GOODS VEHICLE,0
TN,2019-06-01,HEAVY MOTOR VEHICLE,0
TN,2019-06-01,HEAVY PASSENGER VEHICLE,0
TN,2019-06-01,LIGHT GOODS VEHICLE,0
TN,2019-06-01,LIGHT MOTOR VEHICLE,1
TN,2019-06-01,LIGHT PASSENGER VEHICLE,0
TN,2019-06-01,MEDIUM GOODS VEHICLE,0
TN,2019-06-01,MEDIUM MOTOR VEHICLE,0
TN,2019-06-01,MEDIUM PASSENGER VEHICLE,0
TN,2019-06-01,OTHER THAN MENTIONED ABOVE,0
TN,2019-06-01,THREE WHEELER (Invalid Carriage),0
TN,2019-06-01,THREE WHEELER(NT),0
TN,2019-06-01,THREE WHEELER(T),0
TN,2019-06-01,TWO WHEELER (Invalid Carriage),0
TN,2019-06-01,TWO WHEELER(NT),7
TN,2019-06-01,TWO WHEELER(T),0
TN,2019-07-01,FOUR WHEELER (Invalid Carriage),0
TN,2019-07-01,HEAVY GOODS VEHICLE,0
TN,2019-07-01,HEAVY MOTOR VEHICLE,0
TN,2019-07-01,HEAVY PASSENGER VEHICLE,0
TN,2019-07-01,LIGHT GOODS VEHICLE,0
TN,2019-07-01,LIGHT MOTOR VEHICLE,3
TN,2019-07-01,LIGHT PASSENGER VEHICLE,0
TN,2019-07-01,MEDIUM GOODS VEHICLE,0
TN,2019-07-01,MEDIUM MOTOR VEHICLE,0
TN,2019-07-01,MEDIUM PASSENGER VEHICLE,0
TN,2019-07-01,OTHER THAN MENTIONED ABOVE,0
TN,2019-07-01,THREE WHEELER (Invalid Carriage),0
TN,2019-07-01,THREE WHEELER(NT),0
TN,2019-07-01,THREE WHEELER(T),0
TN,2019-07-01,TWO WHEELER (Invalid Carriage),0
TN,2019-07-01,TWO WHEELER(NT),15
TN,2019-07-01,TWO WHEELER(T),0
TN,2019-08-01,FOUR WHEELER (Invalid Carriage),0
TN,2019-08-01,HEAVY GOODS VEHICLE,0
TN,2019-08-01,HEAVY MOTOR VEHICLE,0
TN,2019-08-01,HEAVY PASSENGER VEHICLE,0
TN,2019-08-01,LIGHT GOODS VEHICLE,0
TN,2019-08-01,LIGHT MOTOR VEHICLE,12
TN,2019-08-01,LIGHT PASSENGER VEHICLE,0
TN,2019-08-01,MEDIUM GOODS VEHICLE,0
TN,2019-08-01,MEDIUM MOTOR VEHICLE,0
TN,2019-08-01,MEDIUM PASSENGER VEHICLE,0
TN,2019-08-01,OTHER THAN MENTIONED ABOVE,0
TN,2019-08-01,THREE WHEELER (Invalid Carriage),0
TN,2019-08-01,THREE WHEELER(NT),0
TN,2019-08-01,THREE WHEELER(T),0
TN,2019-08-01,TWO WHEELER (Invalid Carriage),0
TN,2019-08-01,TWO WHEELER(NT),29
TN,2019-08-01,TWO WHEELER(T),0
TN,2019-09-01,FOUR WHEELER (Invalid Carriage),0
TN,2019-09-01,HEAVY GOODS VEHICLE,0
TN,2019-09-01,HEAVY MOTOR VEHICLE,0
TN,2019-09-01,HEAVY PASSENGER VEHICLE,0
TN,2019-09-01,LIGHT GOODS VEHICLE,0
TN,2019-09-01,LIGHT MOTOR VEHICLE,2
TN,2019-09-01,LIGHT PASSENGER VEHICLE,0
TN,2019-09-01,MEDIUM GOODS VEHICLE,0
TN,2019-09-01,MEDIUM MOTOR VEHICLE,0
TN,2019-09-01,MEDIUM PASSENGER VEHICLE,0
TN,2019-09-01,OTHER THAN MENTIONED ABOVE,0
TN,2019-09-01,THREE WHEELER (Invalid Carriage),0
TN,2019-09-01,THREE WHEELER(NT),0
TN,2019-09-01,THREE WHEELER(T),0
TN,2019-09-01,TWO WHEELER (Invalid Carriage),0
TN,2019-09-01,TWO WHEELER(NT),29
TN,2019-09-01,TWO WHEELER(T),0
TN,2019-10-01,FOUR WHEELER (Invalid Carriage),0
TN,2019-10-01,HEAVY GOODS VEHICLE,0
TN,2019-10-01,HEAVY MOTOR VEHICLE,0
TN,2019-10-01,HEAVY PASSENGER VEHICLE,0
TN,2019-10-01,LIGHT GOODS VEHICLE,0
TN,2019-10-01,LIGHT MOTOR VEHICLE,4
TN,2019-10-01,LIGHT PASSENGER VEHICLE,0
TN,2019-10-01,MEDIUM GOODS VEHICLE,0
TN,2019-10-01,MEDIUM MOTOR VEHICLE,0
TN,2019-10-01,MEDIUM PASSENGER VEHICLE,0
TN,2019-10-01,OTHER THAN MENTIONED ABOVE,0
TN,2019-10-01,THREE WHEELER (Invalid Carriage),0
TN,2019-10-01,THREE WHEELER(NT),0
TN,2019-10-01,THREE WHEELER(T),0
TN,2019-10-01,TWO WHEELER (Invalid Carriage),0
TN,2019-10-01,TWO WHEELER(NT),62
TN,2019-10-01,TWO WHEELER(T),0
TN,2019-11-01,FOUR WHEELER (Invalid Carriage),0
TN,2019-11-01,HEAVY GOODS VEHICLE,0
TN,2019-11-01,HEAVY MOTOR VEHICLE,0
TN,2019-11-01,HEAVY PASSENGER VEHICLE,0
TN,2019-11-01,LIGHT GOODS VEHICLE,0
TN,2019-11-01,LIGHT MOTOR VEHICLE,4
TN,2019-11-01,LIGHT PASSENGER VEHICLE,0
TN,2019-11-01,MEDIUM GOODS VEHICLE,0
TN,2019-11-01,MEDIUM MOTOR VEHICLE,0
TN,2019-11-01,MEDIUM PASSENGER VEHICLE,0
TN,2019-11-01,OTHER THAN MENTIONED ABOVE,0
TN,2019-11-01,THREE WHEELER (Invalid Carriage),0
TN,2019-11-01,THREE WHEELER(NT),0
TN,2019-11-01,THREE WHEELER(T),0
TN,2019-11-01,TWO WHEELER (Invalid Carriage),0
TN,2019-11-01,TWO WHEELER(NT),112
TN,2019-11-01,TWO WHEELER(T),0
TN,2019-12-01,FOUR WHEELER (Invalid Carriage),0
TN,2019-12-01,HEAVY GOODS VEHICLE,0
TN,2019-12-01,HEAVY MOTOR VEHICLE,0
TN,2019-12-01,HEAVY PASSENGER VEHICLE,0
TN,2019-12-01,LIGHT GOODS VEHICLE,0
TN,2019-12-01,LIGHT MOTOR VEHICLE,5
TN,2019-12-01,LIGHT PASSENGER VEHICLE,0
TN,2019-12-01,MEDIUM GOODS VEHICLE,0
TN,2019-12-01,MEDIUM MOTOR VEHICLE,0
TN,2019-12-01,MEDIUM PASSENGER VEHICLE,0
TN,2019-12-01,OTHER THAN MENTIONED ABOVE,0
TN,2019-12-01,THREE WHEELER (Invalid Carriage),0
TN,2019-12-01,THREE WHEELER(NT),0
TN,2019-12-01,THREE WHEELER(T),0
TN,2019-12-01,TWO WHEELER (Invalid Carriage),0
TN,2019-12-01,TWO WHEELER(NT),72
TN,2019-12-01,TWO WHEELER(T),0
TN,2020-01-01,FOUR WHEELER (Invalid Carriage),0
TN,2020-01-01,HEAVY GOODS VEHICLE,0
TN,2020-01-01,HEAVY MOTOR VEHICLE,0
TN,2020-01-01,HEAVY PASSENGER VEHICLE,0
TN,2020-01-01,LIGHT GOODS VEHICLE,0
TN,2020-01-01,LIGHT MOTOR VEHICLE,8
TN,2020-01-01,LIGHT PASSENGER VEHICLE,0
TN,2020-01-01,MEDIUM GOODS VEHICLE,0
TN,2020-01-01,MEDIUM MOTOR VEHICLE,0
TN,2020-01-01,MEDIUM PASSENGER VEHICLE,0
TN,2020-01-01,OTHER THAN MENTIONED ABOVE,0
TN,2020-01-01,THREE WHEELER (Invalid Carriage),0
TN,2020-01-01,THREE WHEELER(NT),0
TN,2020-01-01,THREE WHEELER(T),0
TN,2020-01-01,TWO WHEELER (Invalid Carriage),0
TN,2020-01-01,TWO WHEELER(NT),119
TN,2020-01-01,TWO WHEELER(T),0
TN,2020-02-01,FOUR WHEELER (Invalid Carriage),0
TN,2020-02-01,HEAVY GOODS VEHICLE,0
TN,2020-02-01,HEAVY MOTOR VEHICLE,0
TN,2020-02-01,HEAVY PASSENGER VEHICLE,0
TN,2020-02-01,LIGHT GOODS VEHICLE,0
TN,2020-02-01,LIGHT MOTOR VEHICLE,6
TN,2020-02-01,LIGHT PASSENGER VEHICLE,0
TN,2020-02-01,MEDIUM GOODS VEHICLE,0
TN,2020-02-01,MEDIUM MOTOR VEHICLE,0
TN,2020-02-01,MEDIUM PASSENGER VEHICLE,0
TN,2020-02-01,OTHER THAN MENTIONED ABOVE,0
TN,2020-02-01,THREE WHEELER (Invalid Carriage),0
TN,2020-02-01,THREE WHEELER(NT),0
TN,2020-02-01,THREE WHEELER(T),0
TN,2020-02-01,TWO WHEELER (Invalid Carriage),0
TN,2020-02-01,TWO WHEELER(NT),99
TN,2020-02-01,TWO WHEELER(T),0
TN,2020-03-01,FOUR WHEELER (Invalid Carriage),0
TN,2020-03-01,HEAVY GOODS VEHICLE,0
TN,2020-03-01,HEAVY MOTOR VEHICLE,0
TN,2020-03-01,HEAVY PASSENGER VEHICLE,0
TN,2020-03-01,LIGHT GOODS VEHICLE,0
TN,2020-03-01,LIGHT MOTOR VEHICLE,5
TN,2020-03-01,LIGHT PASSENGER VEHICLE,0
TN,2020-03-01,MEDIUM GOODS VEHICLE,0
TN,2020-03-01,MEDIUM MOTOR VEHICLE,0
TN,2020-03-01,MEDIUM PASSENGER VEHICLE,0
TN,2020-03-01,OTHER THAN MENTIONED ABOVE,0
TN,2020-03-01,THREE WHEELER (Invalid Carriage),0
TN,2020-03-01,THREE WHEELER(NT),0
TN,2020-03-01,THREE WHEELER(T),0
TN,2020-03-01,TWO WHEELER (Invalid Carriage),0
TN,2020-03-01,TWO WHEELER(NT),106
TN,2020-03-01,TWO WHEELER(T),0
TN,2020-04-01,FOUR WHEELER (Invalid Carriage),0
TN,2020-04-01,HEAVY GOODS VEHICLE,0
TN,2020-04-01,HEAVY MOTOR VEHICLE,0
TN,2020-04-01,HEAVY PASSENGER VEHICLE,0
TN,2020-04-01,LIGHT GOODS VEHICLE,0
TN,2020-04-01,LIGHT MOTOR VEHICLE,0
TN,2020-04-01,LIGHT PASSENGER VEHICLE,0
TN,2020-04-01,MEDIUM GOODS VEHICLE,0
TN,2020-04-01,MEDIUM MOTOR VEHICLE,0
TN,2020-04-01,MEDIUM PASSENGER VEHICLE,0
TN,2020-04-01,OTHER THAN MENTIONED ABOVE,0
TN,2020-04-01,THREE WHEELER (Invalid Carriage),0
TN,2020-04-01,THREE WHEELER(NT),0
TN,2020-04-01,THREE WHEELER(T),0
TN,2020-04-01,TWO WHEELER (Invalid Carriage),0
TN,2020-04-01,TWO WHEELER(NT),0
TN,2020-04-01,TWO WHEELER(T),0
TN,2020-05-01,FOUR WHEELER (Invalid Carriage),0
TN,2020-05-01,HEAVY GOODS VEHICLE,0
TN,2020-05-01,HEAVY MOTOR VEHICLE,0
TN,2020-05-01,HEAVY PASSENGER VEHICLE,0
TN,2020-05-01,LIGHT GOODS VEHICLE,0
TN,2020-05-01,LIGHT MOTOR VEHICLE,6
TN,2020-05-01,LIGHT PASSENGER VEHICLE,0
TN,2020-05-01,MEDIUM GOODS VEHICLE,0
TN,2020-05-01,MEDIUM MOTOR VEHICLE,0
TN,2020-05-01,MEDIUM PASSENGER VEHICLE,0
TN,2020-05-01,OTHER THAN MENTIONED ABOVE,0
TN,2020-05-01,THREE WHEELER (Invalid Carriage),0
TN,2020-05-01,THREE WHEELER(NT),0
TN,2020-05-01,THREE WHEELER(T),0
TN,2020-05-01,TWO WHEELER (Invalid Carriage),0
TN,2020-05-01,TWO WHEELER(NT),12
TN,2020-05-01,TWO WHEELER(T),0
TN,2020-06-01,FOUR WHEELER (Invalid Carriage),0
TN,2020-06-01,HEAVY GOODS VEHICLE,0
TN,2020-06-01,HEAVY MOTOR VEHICLE,0
TN,2020-06-01,HEAVY PASSENGER VEHICLE,0
TN,2020-06-01,LIGHT GOODS VEHICLE,0
TN,2020-06-01,LIGHT MOTOR VEHICLE,11
TN,2020-06-01,LIGHT PASSENGER VEHICLE,0
TN,2020-06-01,MEDIUM GOODS VEHICLE,0
TN,2020-06-01,MEDIUM MOTOR VEHICLE,0
TN,2020-06-01,MEDIUM PASSENGER VEHICLE,0
TN,2020-06-01,OTHER THAN MENTIONED ABOVE,0
TN,2020-06-01,THREE WHEELER (Invalid Carriage),0
TN,2020-06-01,THREE WHEELER(NT),0
TN,2020-06-01,THREE WHEELER(T),0
TN,2020-06-01,TWO WHEELER (Invalid Carriage),0
TN,2020-06-01,TWO WHEELER(NT),44
TN,2020-06-01,TWO WHEELER(T),0
TN,2020-07-01,FOUR WHEELER (Invalid Carriage),0
TN,2020-07-01,HEAVY GOODS VEHICLE,0
TN,2020-07-01,HEAVY MOTOR VEHICLE,0
TN,2020-07-01,HEAVY PASSENGER VEHICLE,0
TN,2020-07-01,LIGHT GOODS VEHICLE,0
TN,2020-07-01,LIGHT MOTOR VEHICLE,14
TN,2020-07-01,LIGHT PASSENGER VEHICLE,0
TN,2020-07-01,MEDIUM GOODS VEHICLE,0
TN,2020-07-01,MEDIUM MOTOR VEHICLE,0
TN,2020-07-01,MEDIUM PASSENGER VEHICLE,0
TN,2020-07-01,OTHER THAN MENTIONED ABOVE,0
TN,2020-07-01,THREE WHEELER (Invalid Carriage),0
TN,2020-07-01,THREE WHEELER(NT),0
TN,2020-07-01,THREE WHEELER(T),0
TN,2020-07-01,TWO WHEELER (Invalid Carriage),0
TN,2020-07-01,TWO WHEELER(NT),51
TN,2020-07-01,TWO WHEELER(T),0
TN,2020-08-01,FOUR WHEELER (Invalid Carriage),0
TN,2020-08-01,HEAVY GOODS VEHICLE,0
TN,2020-08-01,HEAVY MOTOR VEHICLE,0
TN,2020-08-01,HEAVY PASSENGER VEHICLE,0
TN,2020-08-01,LIGHT GOODS VEHICLE,0
TN,2020-08-01,LIGHT MOTOR VEHICLE,24
TN,2020-08-01,LIGHT PASSENGER VEHICLE,0
TN,2020-08-01,MEDIUM GOODS VEHICLE,0
TN,2020-08-01,MEDIUM MOTOR VEHICLE,0
TN,2020-08-01,MEDIUM PASSENGER VEHICLE,0
TN,2020-08-01,OTHER THAN MENTIONED ABOVE,0
TN,2020-08-01,THREE WHEELER (Invalid Carriage),0
TN,2020-08-01,THREE WHEELER(NT),0
TN,2020-08-01,THREE WHEELER(T),0
TN,2020-08-01,TWO WHEELER (Invalid Carriage),0
TN,2020-08-01,TWO WHEELER(NT),104
TN,2020-08-01,TWO WHEELER(T),0
TN,2020-09-01,FOUR WHEELER (Invalid Carriage),0
TN,2020-09-01,HEAVY GOODS VEHICLE,0
TN,2020-09-01,HEAVY MOTOR VEHICLE,0
TN,2020-09-01,HEAVY PASSENGER VEHICLE,0
TN,2020-09-01,LIGHT GOODS VEHICLE,0
TN,2020-09-01,LIGHT MOTOR VEHICLE,20
TN,2020-09-01,LIGHT PASSENGER VEHICLE,0
TN,2020-09-01,MEDIUM GOODS VEHICLE,0
TN,2020-09-01,MEDIUM MOTOR VEHICLE,0
TN,2020-09-01,MEDIUM PASSENGER VEHICLE,0
TN,2020-09-01,OTHER THAN MENTIONED ABOVE,0
TN,2020-09-01,THREE WHEELER (Invalid Carriage),0
TN,2020-09-01,THREE WHEELER(NT),0
TN,2020-09-01,THREE WHEELER(T),0
TN,2020-09-01,TWO WHEELER (Invalid Carriage),0
TN,2020-09-01,TWO WHEELER(NT),112
TN,2020-09-01,TWO WHEELER(T),0
TN,2020-10-01,FOUR WHEELER (Invalid Carriage),0
TN,2020-10-01,HEAVY GOODS VEHICLE,0
TN,2020-10-01,HEAVY MOTOR VEHICLE,0
TN,2020-10-01,HEAVY PASSENGER VEHICLE,0
TN,2020-10-01,LIGHT GOODS VEHICLE,0
TN,2020-10-01,LIGHT MOTOR VEHICLE,22
TN,2020-10-01,LIGHT PASSENGER VEHICLE,1
TN,2020-10-01,MEDIUM GOODS VEHICLE,0
TN,2020-10-01,MEDIUM MOTOR VEHICLE,0
TN,2020-10-01,MEDIUM PASSENGER VEHICLE,0
TN,2020-10-01,OTHER THAN MENTIONED ABOVE,0
TN,2020-10-01,THREE WHEELER (Invalid Carriage),0
TN,2020-10-01,THREE WHEELER(NT),0
TN,2020-10-01,THREE WHEELER(T),0
TN,2020-10-01,TWO WHEELER (Invalid Carriage),0
TN,2020-10-01,TWO WHEELER(NT),105
TN,2020-10-01,TWO WHEELER(T),0
TN,2020-11-01,FOUR WHEELER (Invalid Carriage),0
TN,2020-11-01,HEAVY GOODS VEHICLE,0
TN,2020-11-01,HEAVY MOTOR VEHICLE,0
TN,2020-11-01,HEAVY PASSENGER VEHICLE,0
TN,2020-11-01,LIGHT GOODS VEHICLE,0
TN,2020-11-01,LIGHT MOTOR VEHICLE,31
TN,2020-11-01,LIGHT PASSENGER VEHICLE,0
TN,2020-11-01,MEDIUM GOODS VEHICLE,0
TN,2020-11-01,MEDIUM MOTOR VEHICLE,0
TN,2020-11-01,MEDIUM PASSENGER VEHICLE,0
TN,2020-11-01,OTHER THAN MENTIONED ABOVE,0
TN,2020-11-01,THREE WHEELER (Invalid Carriage),0
TN,2020-11-01,THREE WHEELER(NT),0
TN,2020-11-01,THREE WHEELER(T),0
TN,2020-11-01,TWO WHEELER (Invalid Carriage),0
TN,2020-11-01,TWO WHEELER(NT),155
TN,2020-11-01,TWO WHEELER(T),0
TN,2020-12-01,FOUR WHEELER (Invalid Carriage),0
TN,2020-12-01,HEAVY GOODS VEHICLE,0
TN,2020-12-01,HEAVY MOTOR VEHICLE,0
TN,2020-12-01,HEAVY PASSENGER VEHICLE,0
TN,2020-12-01,LIGHT GOODS VEHICLE,0
TN,2020-12-01,LIGHT MOTOR VEHICLE,49
TN,2020-12-01,LIGHT PASSENGER VEHICLE,0
TN,2020-12-01,MEDIUM GOODS VEHICLE,0
TN,2020-12-01,MEDIUM MOTOR VEHICLE,0
TN,2020-12-01,MEDIUM PASSENGER VEHICLE,0
TN,2020-12-01,OTHER THAN MENTIONED ABOVE,0
TN,2020-12-01,THREE WHEELER (Invalid Carriage),0
TN,2020-12-01,THREE WHEELER(NT),1
TN,2020-12-01,THREE WHEELER(T),0
TN,2020-12-01,TWO WHEELER (Invalid Carriage),0
TN,2020-12-01,TWO WHEELER(NT),247
TN,2020-12-01,TWO WHEELER(T),0
TN,2021-01-01,FOUR WHEELER (Invalid Carriage),0
TN,2021-01-01,HEAVY GOODS VEHICLE,0
TN,2021-01-01,HEAVY MOTOR VEHICLE,0
TN,2021-01-01,HEAVY PASSENGER VEHICLE,0
TN,2021-01-01,LIGHT GOODS VEHICLE,0
TN,2021-01-01,LIGHT MOTOR VEHICLE,56
TN,2021-01-01,LIGHT PASSENGER VEHICLE,0
TN,2021-01-01,MEDIUM GOODS VEHICLE,0
TN,2021-01-01,MEDIUM MOTOR VEHICLE,0
TN,2021-01-01,MEDIUM PASSENGER VEHICLE,0
TN,2021-01-01,OTHER THAN MENTIONED ABOVE,0
TN,2021-01-01,THREE WHEELER (Invalid Carriage),0
TN,2021-01-01,THREE WHEELER(NT),0
TN,2021-01-01,THREE WHEELER(T),1
TN,2021-01-01,TWO WHEELER (Invalid Carriage),0
TN,2021-01-01,TWO WHEELER(NT),238
TN,2021-01-01,TWO WHEELER(T),0
TN,2021-02-01,FOUR WHEELER (Invalid Carriage),0
TN,2021-02-01,HEAVY GOODS VEHICLE,0
TN,2021-02-01,HEAVY MOTOR VEHICLE,0
TN,2021-02-01,HEAVY PASSENGER VEHICLE,0
TN,2021-02-01,LIGHT GOODS VEHICLE,0
TN,2021-02-01,LIGHT MOTOR VEHICLE,48
TN,2021-02-01,LIGHT PASSENGER VEHICLE,0
TN,2021-02-01,MEDIUM GOODS VEHICLE,0
TN,2021-02-01,MEDIUM MOTOR VEHICLE,0
TN,2021-02-01,MEDIUM PASSENGER VEHICLE,0
TN,2021-02-01,OTHER THAN MENTIONED ABOVE,0
TN,2021-02-01,THREE WHEELER (Invalid Carriage),0
TN,2021-02-01,THREE WHEELER(NT),0
TN,2021-02-01,THREE WHEELER(T),1201
TN,2021-02-01,TWO WHEELER (Invalid Carriage),0
TN,2021-02-01,TWO WHEELER(NT),315
TN,2021-02-01,TWO WHEELER(T),0
TN,2021-03-01,FOUR WHEELER (Invalid Carriage),0
TN,2021-03-01,HEAVY GOODS VEHICLE,0
TN,2021-03-01,HEAVY MOTOR VEHICLE,0
TN,2021-03-01,HEAVY PASSENGER VEHICLE,0
TN,2021-03-01,LIGHT GOODS VEHICLE,1
TN,2021-03-01,LIGHT MOTOR VEHICLE,63
TN,2021-03-01,LIGHT PASSENGER VEHICLE,1
TN,2021-03-01,MEDIUM GOODS VEHICLE,0
TN,2021-03-01,MEDIUM MOTOR VEHICLE,0
TN,2021-03-01,MEDIUM PASSENGER VEHICLE,0
TN,2021-03-01,OTHER THAN MENTIONED ABOVE,0
TN,2021-03-01,THREE WHEELER (Invalid Carriage),0
TN,2021-03-01,THREE WHEELER(NT),0
TN,2021-03-01,THREE WHEELER(T),1523
TN,2021-03-01,TWO WHEELER (Invalid Carriage),1
TN,2021-03-01,TWO WHEELER(NT),503
TN,2021-03-01,TWO WHEELER(T),0
TN,2021-04-01,FOUR WHEELER (Invalid Carriage),0
TN,2021-04-01,HEAVY GOODS VEHICLE,0
TN,2021-04-01,HEAVY MOTOR VEHICLE,0
TN,2021-04-01,HEAVY PASSENGER VEHICLE,0
TN,2021-04-01,LIGHT GOODS VEHICLE,0
TN,2021-04-01,LIGHT MOTOR VEHICLE,67
TN,2021-04-01,LIGHT PASSENGER VEHICLE,0
TN,2021-04-01,MEDIUM GOODS VEHICLE,0
TN,2021-04-01,MEDIUM MOTOR VEHICLE,0
TN,2021-04-01,MEDIUM PASSENGER VEHICLE,0
TN,2021-04-01,OTHER THAN MENTIONED ABOVE,0
TN,2021-04-01,THREE WHEELER (Invalid Carriage),0
TN,2021-04-01,THREE WHEELER(NT),0
TN,2021-04-01,THREE WHEELER(T),119
TN,2021-04-01,TWO WHEELER (Invalid Carriage),0
TN,2021-04-01,TWO WHEELER(NT),368
TN,2021-04-01,TWO WHEELER(T),0
TN,2021-05-01,FOUR WHEELER (Invalid Carriage),0
TN,2021-05-01,HEAVY GOODS VEHICLE,0
TN,2021-05-01,HEAVY MOTOR VEHICLE,0
TN,2021-05-01,HEAVY PASSENGER VEHICLE,0
TN,2021-05-01,LIGHT GOODS VEHICLE,0
TN,2021-05-01,LIGHT MOTOR VEHICLE,14
TN,2021-05-01,LIGHT PASSENGER VEHICLE,0
TN,2021-05-01,MEDIUM GOODS VEHICLE,0
TN,2021-05-01,MEDIUM MOTOR VEHICLE,0
TN,2021-05-01,MEDIUM PASSENGER VEHICLE,0
TN,2021-05-01,OTHER THAN MENTIONED ABOVE,0
TN,2021-05-01,THREE WHEELER (Invalid Carriage),0
TN,2021-05-01,THREE WHEELER(NT),0
TN,2021-05-01,THREE WHEELER(T),21
TN,2021-05-01,TWO WHEELER (Invalid Carriage),0
TN,2021-05-01,TWO WHEELER(NT),55
TN,2021-05-01,TWO WHEELER(T),0
TN,2021-06-01,FOUR WHEELER (Invalid Carriage),0
TN,2021-06-01,HEAVY GOODS VEHICLE,0
TN,2021-06-01,HEAVY MOTOR VEHICLE,0
TN,2021-06-01,HEAVY PASSENGER VEHICLE,0
TN,2021-06-01,LIGHT GOODS VEHICLE,1
TN,2021-06-01,LIGHT MOTOR VEHICLE,33
TN,2021-06-01,LIGHT PASSENGER VEHICLE,0
TN,2021-06-01,MEDIUM GOODS VEHICLE,0
TN,2021-06-01,MEDIUM MOTOR VEHICLE,0
TN,2021-06-01,MEDIUM PASSENGER VEHICLE,0
TN,2021-06-01,OTHER THAN MENTIONED ABOVE,0
TN,2021-06-01,THREE WHEELER (Invalid Carriage),0
TN,2021-06-01,THREE WHEELER(NT),0
TN,2021-06-01,THREE WHEELER(T),56
TN,2021-06-01,TWO WHEELER (Invalid Carriage),0
TN,2021-06-01,TWO WHEELER(NT),129
TN,2021-06-01,TWO WHEELER(T),0
TN,2021-07-01,FOUR WHEELER (Invalid Carriage),0
TN,2021-07-01,HEAVY GOODS VEHICLE,0
TN,2021-07-01,HEAVY MOTOR VEHICLE,0
TN,2021-07-01,HEAVY PASSENGER VEHICLE,0
TN,2021-07-01,LIGHT GOODS VEHICLE,1
TN,2021-07-01,LIGHT MOTOR VEHICLE,77
TN,2021-07-01,LIGHT PASSENGER VEHICLE,0
TN,2021-07-01,MEDIUM GOODS VEHICLE,0
TN,2021-07-01,MEDIUM MOTOR VEHICLE,0
TN,2021-07-01,MEDIUM PASSENGER VEHICLE,0
TN,2021-07-01,OTHER THAN MENTIONED ABOVE,0
TN,2021-07-01,THREE WHEELER (Invalid Carriage),0
TN,2021-07-01,THREE WHEELER(NT),0
TN,2021-07-01,THREE WHEELER(T),8
TN,2021-07-01,TWO WHEELER (Invalid Carriage),0
TN,2021-07-01,TWO WHEELER(NT),643
TN,2021-07-01,TWO WHEELER(T),0
TN,2021-08-01,FOUR WHEELER (Invalid Carriage),0
TN,2021-08-01,HEAVY GOODS VEHICLE,0
TN,2021-08-01,HEAVY MOTOR VEHICLE,0
TN,2021-08-01,HEAVY PASSENGER VEHICLE,0
TN,2021-08-01,LIGHT GOODS VEHICLE,0
TN,2021-08-01,LIGHT MOTOR VEHICLE,74
TN,2021-08-01,LIGHT PASSENGER VEHICLE,1
TN,2021-08-01,MEDIUM GOODS VEHICLE,0
TN,2021-08-01,MEDIUM MOTOR VEHICLE,0
TN,2021-08-01,MEDIUM PASSENGER VEHICLE,0
TN,2021-08-01,OTHER THAN MENTIONED ABOVE,0
TN,2021-08-01,THREE WHEELER (Invalid Carriage),0
TN,2021-08-01,THREE WHEELER(NT),0
TN,2021-08-01,THREE WHEELER(T),54
TN,2021-08-01,TWO WHEELER (Invalid Carriage),0
TN,2021-08-01,TWO WHEELER(NT),535
TN,2021-08-01,TWO WHEELER(T),0
TN,2021-09-01,FOUR WHEELER (Invalid Carriage),0
TN,2021-09-01,HEAVY GOODS VEHICLE,0
TN,2021-09-01,HEAVY MOTOR VEHICLE,0
TN,2021-09-01,HEAVY PASSENGER VEHICLE,0
TN,2021-09-01,LIGHT GOODS VEHICLE,1
TN,2021-09-01,LIGHT MOTOR VEHICLE,91
TN,2021-09-01,LIGHT PASSENGER VEHICLE,0
TN,2021-09-01,MEDIUM GOODS VEHICLE,0
TN,2021-09-01,MEDIUM MOTOR VEHICLE,0
TN,2021-09-01,MEDIUM PASSENGER VEHICLE,0
TN,2021-09-01,OTHER THAN MENTIONED ABOVE,0
TN,2021-09-01,THREE WHEELER (Invalid Carriage),0
TN,2021-09-01,THREE WHEELER(NT),0
TN,2021-09-01,THREE WHEELER(T),30
TN,2021-09-01,TWO WHEELER (Invalid Carriage),0
TN,2021-09-01,TWO WHEELER(NT),1700
TN,2021-09-01,TWO WHEELER(T),0
TN,2021-10-01,FOUR WHEELER (Invalid Carriage),0
TN,2021-10-01,HEAVY GOODS VEHICLE,0
TN,2021-10-01,HEAVY MOTOR VEHICLE,0
TN,2021-10-01,HEAVY PASSENGER VEHICLE,0
TN,2021-10-01,LIGHT GOODS VEHICLE,2
TN,2021-10-01,LIGHT MOTOR VEHICLE,98
TN,2021-10-01,LIGHT PASSENGER VEHICLE,5
TN,2021-10-01,MEDIUM GOODS VEHICLE,0
TN,2021-10-01,MEDIUM MOTOR VEHICLE,0
TN,2021-10-01,MEDIUM PASSENGER VEHICLE,0
TN,2021-10-01,OTHER THAN MENTIONED ABOVE,0
TN,2021-10-01,THREE WHEELER (Invalid Carriage),0
TN,2021-10-01,THREE WHEELER(NT),0
TN,2021-10-01,THREE WHEELER(T),11
TN,2021-10-01,TWO WHEELER (Invalid Carriage),0
TN,2021-10-01,TWO WHEELER(NT),2402
TN,2021-10-01,TWO WHEELER(T),0
TN,2021-11-01,FOUR WHEELER (Invalid Carriage),0
TN,2021-11-01,HEAVY GOODS VEHICLE,0
TN,2021-11-01,HEAVY MOTOR VEHICLE,0
TN,2021-11-01,HEAVY PASSENGER VEHICLE,0
TN,2021-11-01,LIGHT GOODS VEHICLE,1
TN,2021-11-01,LIGHT MOTOR VEHICLE,98
TN,2021-11-01,LIGHT PASSENGER VEHICLE,0
TN,2021-11-01,MEDIUM GOODS VEHICLE,0
TN,2021-11-01,MEDIUM MOTOR VEHICLE,0
TN,2021-11-01,MEDIUM PASSENGER VEHICLE,0
TN,2021-11-01,OTHER THAN MENTIONED ABOVE,0
TN,2021-11-01,THREE WHEELER (Invalid Carriage),0
TN,2021-11-01,THREE WHEELER(NT),0
TN,2021-11-01,THREE WHEELER(T),17
TN,2021-11-01,TWO WHEELER (Invalid Carriage),0
TN,2021-11-01,TWO WHEELER(NT),2803
TN,2021-11-01,TWO WHEELER(T),0
TN,2021-12-01,FOUR WHEELER (Invalid Carriage),1
TN,2021-12-01,HEAVY GOODS VEHICLE,0
TN,2021-12-01,HEAVY MOTOR VEHICLE,0
TN,2021-12-01,HEAVY PASSENGER VEHICLE,0
TN,2021-12-01,LIGHT GOODS VEHICLE,1
TN,2021-12-01,LIGHT MOTOR VEHICLE,111
TN,2021-12-01,LIGHT PASSENGER VEHICLE,0
TN,2021-12-01,MEDIUM GOODS VEHICLE,0
TN,2021-12-01,MEDIUM MOTOR VEHICLE,0
TN,2021-12-01,MEDIUM PASSENGER VEHICLE,0
TN,2021-12-01,OTHER THAN MENTIONED ABOVE,0
TN,2021-12-01,THREE WHEELER (Invalid Carriage),0
TN,2021-12-01,THREE WHEELER(NT),1
TN,2021-12-01,THREE WHEELER(T),79
TN,2021-12-01,TWO WHEELER (Invalid Carriage),0
TN,2021-12-01,TWO WHEELER(NT),3133
TN,2021-12-01,TWO WHEELER(T),0
TN,2022-01-01,FOUR WHEELER (Invalid Carriage),0
TN,2022-01-01,HEAVY GOODS VEHICLE,0
TN,2022-01-01,HEAVY MOTOR VEHICLE,0
TN,2022-01-01,HEAVY PASSENGER VEHICLE,0
TN,2022-01-01,LIGHT GOODS VEHICLE,1
TN,2022-01-01,LIGHT MOTOR VEHICLE,110
TN,2022-01-01,LIGHT PASSENGER VEHICLE,1
TN,2022-01-01,MEDIUM GOODS VEHICLE,0
TN,2022-01-01,MEDIUM MOTOR VEHICLE,0
TN,2022-01-01,MEDIUM PASSENGER VEHICLE,0
TN,2022-01-01,OTHER THAN MENTIONED ABOVE,0
TN,2022-01-01,THREE WHEELER (Invalid Carriage),0
TN,2022-01-01,THREE WHEELER(NT),0
TN,2022-01-01,THREE WHEELER(T),14
TN,2022-01-01,TWO WHEELER (Invalid Carriage),0
TN,2022-01-01,TWO WHEELER(NT),4222
TN,2022-01-01,TWO WHEELER(T),0
TN,2022-02-01,FOUR WHEELER (Invalid Carriage),0
TN,2022-02-01,HEAVY GOODS VEHICLE,0
TN,2022-02-01,HEAVY MOTOR VEHICLE,0
TN,2022-02-01,HEAVY PASSENGER VEHICLE,0
TN,2022-02-01,LIGHT GOODS VEHICLE,4
TN,2022-02-01,LIGHT MOTOR VEHICLE,123
TN,2022-02-01,LIGHT PASSENGER VEHICLE,1
TN,2022-02-01,MEDIUM GOODS VEHICLE,0
TN,2022-02-01,MEDIUM MOTOR VEHICLE,0
TN,2022-02-01,MEDIUM PASSENGER VEHICLE,0
TN,2022-02-01,OTHER THAN MENTIONED ABOVE,0
TN,2022-02-01,THREE WHEELER (Invalid Carriage),0
TN,2022-02-01,THREE WHEELER(NT),1
TN,2022-02-01,THREE WHEELER(T),89
TN,2022-02-01,TWO WHEELER (Invalid Carriage),0
TN,2022-02-01,TWO WHEELER(NT),4367
TN,2022-02-01,TWO WHEELER(T),0
TN,2022-03-01,FOUR WHEELER (Invalid Carriage),0
TN,2022-03-01,HEAVY GOODS VEHICLE,0
TN,2022-03-01,HEAVY MOTOR VEHICLE,0
TN,2022-03-01,HEAVY PASSENGER VEHICLE,0
TN,2022-03-01,LIGHT GOODS VEHICLE,7
TN,2022-03-01,LIGHT MOTOR VEHICLE,151
TN,2022-03-01,LIGHT PASSENGER VEHICLE,0
TN,2022-03-01,MEDIUM GOODS VEHICLE,0
TN,2022-03-01,MEDIUM MOTOR VEHICLE,0
TN,2022-03-01,MEDIUM PASSENGER VEHICLE,0
TN,2022-03-01,OTHER THAN MENTIONED ABOVE,0
TN,2022-03-01,THREE WHEELER (Invalid Carriage),0
TN,2022-03-01,THREE WHEELER(NT),1
TN,2022-03-01,THREE WHEELER(T),140
TN,2022-03-01,TWO WHEELER (Invalid Carriage),0
TN,2022-03-01,TWO WHEELER(NT),7691
TN,2022-03-01,TWO WHEELER(T),0
TN,2022-04-01,FOUR WHEELER (Invalid Carriage),0
TN,2022-04-01,HEAVY GOODS VEHICLE,0
TN,2022-04-01,HEAVY MOTOR VEHICLE,0
TN,2022-04-01,HEAVY PASSENGER VEHICLE,0
TN,2022-04-01,LIGHT GOODS VEHICLE,4
TN,2022-04-01,LIGHT MOTOR VEHICLE,140
TN,2022-04-01,LIGHT PASSENGER VEHICLE,0
TN,2022-04-01,MEDIUM GOODS VEHICLE,0
TN,2022-04-01,MEDIUM MOTOR VEHICLE,0
TN,2022-04-01,MEDIUM PASSENGER VEHICLE,0
TN,2022-04-01,OTHER THAN MENTIONED ABOVE,0
TN,2022-04-01,THREE WHEELER (Invalid Carriage),0
TN,2022-04-01,THREE WHEELER(NT),1
TN,2022-04-01,THREE WHEELER(T),124
TN,2022-04-01,TWO WHEELER (Invalid Carriage),0
TN,2022-04-01,TWO WHEELER(NT),5414
TN,2022-04-01,TWO WHEELER(T),0
TN,2022-05-01,FOUR WHEELER (Invalid Carriage),0
TN,2022-05-01,HEAVY GOODS VEHICLE,0
TN,2022-05-01,HEAVY MOTOR VEHICLE,0
TN,2022-05-01,HEAVY PASSENGER VEHICLE,0
TN,2022-05-01,LIGHT GOODS VEHICLE,7
TN,2022-05-01,LIGHT MOTOR VEHICLE,180
TN,2022-05-01,LIGHT PASSENGER VEHICLE,5
TN,2022-05-01,MEDIUM GOODS VEHICLE,0
TN,2022-05-01,MEDIUM MOTOR VEHICLE,0
TN,2022-05-01,MEDIUM PASSENGER VEHICLE,0
TN,2022-05-01,OTHER THAN MENTIONED ABOVE,0
TN,2022-05-01,THREE WHEELER (Invalid Carriage),0
TN,2022-05-01,THREE WHEELER(NT),0
TN,2022-05-01,THREE WHEELER(T),15
TN,2022-05-01,TWO WHEELER (Invalid Carriage),0
TN,2022-05-01,TWO WHEELER(NT),3618
TN,2022-05-01,TWO WHEELER(T),0
TN,2022-06-01,FOUR WHEELER (Invalid Carriage),0
TN,2022-06-01,HEAVY GOODS VEHICLE,0
TN,2022-06-01,HEAVY MOTOR VEHICLE,0
TN,2022-06-01,HEAVY PASSENGER VEHICLE,0
TN,2022-06-01,LIGHT GOODS VEHICLE,2
TN,2022-06-01,LIGHT MOTOR VEHICLE,179
TN,2022-06-01,LIGHT PASSENGER VEHICLE,2
TN,2022-06-01,MEDIUM GOODS VEHICLE,0
TN,2022-06-01,MEDIUM MOTOR VEHICLE,0
TN,2022-06-01,MEDIUM PASSENGER VEHICLE,0
TN,2022-06-01,OTHER THAN MENTIONED ABOVE,0
TN,2022-06-01,THREE WHEELER (Invalid Carriage),0
TN,2022-06-01,THREE WHEELER(NT),2
TN,2022-06-01,THREE WHEELER(T),437
TN,2022-06-01,TWO WHEELER (Invalid Carriage),0
TN,2022-06-01,TWO WHEELER(NT),3743
TN,2022-06-01,TWO WHEELER(T),0
TN,2022-07-01,FOUR WHEELER (Invalid Carriage),0
TN,2022-07-01,HEAVY GOODS VEHICLE,0
TN,2022-07-01,HEAVY MOTOR VEHICLE,0
TN,2022-07-01,HEAVY PASSENGER VEHICLE,0
TN,2022-07-01,LIGHT GOODS VEHICLE,7
TN,2022-07-01,LIGHT MOTOR VEHICLE,155
TN,2022-07-01,LIGHT PASSENGER VEHICLE,6
TN,2022-07-01,MEDIUM GOODS VEHICLE,0
TN,2022-07-01,MEDIUM MOTOR VEHICLE,0
TN,2022-07-01,MEDIUM PASSENGER VEHICLE,0
TN,2022-07-01,OTHER THAN MENTIONED ABOVE,0
TN,2022-07-01,THREE WHEELER (Invalid Carriage),0
TN,2022-07-01,THREE WHEELER(NT),2
TN,2022-07-01,THREE WHEELER(T),100
TN,2022-07-01,TWO WHEELER (Invalid Carriage),0
TN,2022-07-01,TWO WHEELER(NT),4125
TN,2022-07-01,TWO WHEELER(T),0
TN,2022-08-01,FOUR WHEELER (Invalid Carriage),0
TN,2022-08-01,HEAVY GOODS VEHICLE,0
TN,2022-08-01,HEAVY MOTOR VEHICLE,0
TN,2022-08-01,HEAVY PASSENGER VEHICLE,0
TN,2022-08-01,LIGHT GOODS VEHICLE,5
TN,2022-08-01,LIGHT MOTOR VEHICLE,166
TN,2022-08-01,LIGHT PASSENGER VEHICLE,0
TN,2022-08-01,MEDIUM GOODS VEHICLE,0
TN,2022-08-01,MEDIUM MOTOR VEHICLE,0
TN,2022-08-01,MEDIUM PASSENGER VEHICLE,0
TN,2022-08-01,OTHER THAN MENTIONED ABOVE,0
TN,2022-08-01,THREE WHEELER (Invalid Carriage),0
TN,2022-08-01,THREE WHEELER(NT),0
TN,2022-08-01,THREE WHEELER(T),133
TN,2022-08-01,TWO WHEELER (Invalid Carriage),0
TN,2022-08-01,TWO WHEELER(NT),5127
TN,2022-08-01,TWO WHEELER(T),0
TN,2022-09-01,FOUR WHEELER (Invalid Carriage),0
TN,2022-09-01,HEAVY GOODS VEHICLE,0
TN,2022-09-01,HEAVY MOTOR VEHICLE,0
TN,2022-09-01,HEAVY PASSENGER VEHICLE,0
TN,2022-09-01,LIGHT GOODS VEHICLE,5
TN,2022-09-01,LIGHT MOTOR VEHICLE,197
TN,2022-09-01,LIGHT PASSENGER VEHICLE,9
TN,2022-09-01,MEDIUM GOODS VEHICLE,0
TN,2022-09-01,MEDIUM MOTOR VEHICLE,0
TN,2022-09-01,MEDIUM PASSENGER VEHICLE,0
TN,2022-09-01,OTHER THAN MENTIONED ABOVE,0
TN,2022-09-01,THREE WHEELER (Invalid Carriage),0
TN,2022-09-01,THREE WHEELER(NT),1
TN,2022-09-01,THREE WHEELER(T),28
TN,2022-09-01,TWO WHEELER (Invalid Carriage),0
TN,2022-09-01,TWO WHEELER(NT),5005
TN,2022-09-01,TWO WHEELER(T),0
TN,2022-10-01,FOUR WHEELER (Invalid Carriage),0
TN,2022-10-01,HEAVY GOODS VEHICLE,0
TN,2022-10-01,HEAVY MOTOR VEHICLE,0
TN,2022-10-01,HEAVY PASSENGER VEHICLE,0
TN,2022-10-01,LIGHT GOODS VEHICLE,3
TN,2022-10-01,LIGHT MOTOR VEHICLE,165
TN,2022-10-01,LIGHT PASSENGER VEHICLE,1
TN,2022-10-01,MEDIUM GOODS VEHICLE,0
TN,2022-10-01,MEDIUM MOTOR VEHICLE,0
TN,2022-10-01,MEDIUM PASSENGER VEHICLE,0
TN,2022-10-01,OTHER THAN MENTIONED ABOVE,0
TN,2022-10-01,THREE WHEELER (Invalid Carriage),0
TN,2022-10-01,THREE WHEELER(NT),0
TN,2022-10-01,THREE WHEELER(T),28
TN,2022-10-01,TWO WHEELER (Invalid Carriage),0
TN,2022-10-01,TWO WHEELER(NT),5488
TN,2022-10-01,TWO WHEELER(T),0
TN,2022-11-01,FOUR WHEELER (Invalid Carriage),0
TN,2022-11-01,HEAVY GOODS VEHICLE,0
TN,2022-11-01,HEAVY MOTOR VEHICLE,0
TN,2022-11-01,HEAVY PASSENGER VEHICLE,0
TN,2022-11-01,LIGHT GOODS VEHICLE,10
TN,2022-11-01,LIGHT MOTOR VEHICLE,295
TN,2022-11-01,LIGHT PASSENGER VEHICLE,1
TN,2022-11-01,MEDIUM GOODS VEHICLE,0
TN,2022-11-01,MEDIUM MOTOR VEHICLE,0
TN,2022-11-01,MEDIUM PASSENGER VEHICLE,0
TN,2022-11-01,OTHER THAN MENTIONED ABOVE,0
TN,2022-11-01,THREE WHEELER (Invalid Carriage),0
TN,2022-11-01,THREE WHEELER(NT),0
TN,2022-11-01,THREE WHEELER(T),30
TN,2022-11-01,TWO WHEELER (Invalid Carriage),0
TN,2022-11-01,TWO WHEELER(NT),7203
TN,2022-11-01,TWO WHEELER(T),0
TN,2022-12-01,FOUR WHEELER (Invalid Carriage),0
TN,2022-12-01,HEAVY GOODS VEHICLE,0
TN,2022-12-01,HEAVY MOTOR VEHICLE,0
TN,2022-12-01,HEAVY PASSENGER VEHICLE,0
TN,2022-12-01,LIGHT GOODS VEHICLE,5
TN,2022-12-01,LIGHT MOTOR VEHICLE,311
TN,2022-12-01,LIGHT PASSENGER VEHICLE,1
TN,2022-12-01,MEDIUM GOODS VEHICLE,0
TN,2022-12-01,MEDIUM MOTOR VEHICLE,0
TN,2022-12-01,MEDIUM PASSENGER VEHICLE,0
TN,2022-12-01,OTHER THAN MENTIONED ABOVE,0
TN,2022-12-01,THREE WHEELER (Invalid Carriage),0
TN,2022-12-01,THREE WHEELER(NT),1
TN,2022-12-01,THREE WHEELER(T),33
TN,2022-12-01,TWO WHEELER (Invalid Carriage),0
TN,2022-12-01,TWO WHEELER(NT),4897
TN,2022-12-01,TWO WHEELER(T),0
TN,2023-01-01,FOUR WHEELER (Invalid Carriage),0
TN,2023-01-01,HEAVY GOODS VEHICLE,0
TN,2023-01-01,HEAVY MOTOR VEHICLE,0
TN,2023-01-01,HEAVY PASSENGER VEHICLE,0
TN,2023-01-01,LIGHT GOODS VEHICLE,9
TN,2023-01-01,LIGHT MOTOR VEHICLE,187
TN,2023-01-01,LIGHT PASSENGER VEHICLE,0
TN,2023-01-01,MEDIUM GOODS VEHICLE,0
TN,2023-01-01,MEDIUM MOTOR VEHICLE,0
TN,2023-01-01,MEDIUM PASSENGER VEHICLE,0
TN,2023-01-01,OTHER THAN MENTIONED ABOVE,0
TN,2023-01-01,THREE WHEELER (Invalid Carriage),0
TN,2023-01-01,THREE WHEELER(NT),0
TN,2023-01-01,THREE WHEELER(T),27
TN,2023-01-01,TWO WHEELER (Invalid Carriage),0
TN,2023-01-01,TWO WHEELER(NT),5335
TN,2023-01-01,TWO WHEELER(T),0
TN,2023-02-01,FOUR WHEELER (Invalid Carriage),0
TN,2023-02-01,HEAVY GOODS VEHICLE,0
TN,2023-02-01,HEAVY MOTOR VEHICLE,0
TN,2023-02-01,HEAVY PASSENGER VEHICLE,0
TN,2023-02-01,LIGHT GOODS VEHICLE,3
TN,2023-02-01,LIGHT MOTOR VEHICLE,284
TN,2023-02-01,LIGHT PASSENGER VEHICLE,0
TN,2023-02-01,MEDIUM GOODS VEHICLE,0
TN,2023-02-01,MEDIUM MOTOR VEHICLE,0
TN,2023-02-01,MEDIUM PASSENGER VEHICLE,0
TN,2023-02-01,OTHER THAN MENTIONED ABOVE,0
TN,2023-02-01,THREE WHEELER (Invalid Carriage),0
TN,2023-02-01,THREE WHEELER(NT),0
TN,2023-02-01,THREE WHEELER(T),32
TN,2023-02-01,TWO WHEELER (Invalid Carriage),0
TN,2023-02-01,TWO WHEELER(NT),6555
TN,2023-02-01,TWO WHEELER(T),0
TN,2023-03-01,FOUR WHEELER (Invalid Carriage),0
TN,2023-03-01,HEAVY GOODS VEHICLE,0
TN,2023-03-01,HEAVY MOTOR VEHICLE,0
TN,2023-03-01,HEAVY PASSENGER VEHICLE,0
TN,2023-03-01,LIGHT GOODS VEHICLE,4
TN,2023-03-01,LIGHT MOTOR VEHICLE,532
TN,2023-03-01,LIGHT PASSENGER VEHICLE,0
TN,2023-03-01,MEDIUM GOODS VEHICLE,0
TN,2023-03-01,MEDIUM MOTOR VEHICLE,0
TN,2023-03-01,MEDIUM PASSENGER VEHICLE,0
TN,2023-03-01,OTHER THAN MENTIONED ABOVE,0
TN,2023-03-01,THREE WHEELER (Invalid Carriage),0
TN,2023-03-01,THREE WHEELER(NT),1
TN,2023-03-01,THREE WHEELER(T),49
TN,2023-03-01,TWO WHEELER (Invalid Carriage),0
TN,2023-03-01,TWO WHEELER(NT),8360
TN,2023-03-01,TWO WHEELER(T),0
TN,2023-04-01,FOUR WHEELER (Invalid Carriage),0
TN,2023-04-01,HEAVY GOODS VEHICLE,0
TN,2023-04-01,HEAVY MOTOR VEHICLE,0
TN,2023-04-01,HEAVY PASSENGER VEHICLE,0
TN,2023-04-01,LIGHT GOODS VEHICLE,1
TN,2023-04-01,LIGHT MOTOR VEHICLE,351
TN,2023-04-01,LIGHT PASSENGER VEHICLE,3
TN,2023-04-01,MEDIUM GOODS VEHICLE,0
TN,2023-04-01,MEDIUM MOTOR VEHICLE,0
TN,2023-04-01,MEDIUM PASSENGER VEHICLE,0
TN,2023-04-01,OTHER THAN MENTIONED ABOVE,0
TN,2023-04-01,THREE WHEELER (Invalid Carriage),0
TN,2023-04-01,THREE WHEELER(NT),2
TN,2023-04-01,THREE WHEELER(T),25
TN,2023-04-01,TWO WHEELER (Invalid Carriage),0
TN,2023-04-01,TWO WHEELER(NT),6432
TN,2023-04-01,TWO WHEELER(T),0
TN,2023-05-01,FOUR WHEELER (Invalid Carriage),0
TN,2023-05-01,HEAVY GOODS VEHICLE,0
TN,2023-05-01,HEAVY MOTOR VEHICLE,0
TN,2023-05-01,HEAVY PASSENGER VEHICLE,0
TN,2023-05-01,LIGHT GOODS VEHICLE,3
TN,2023-05-01,LIGHT MOTOR VEHICLE,470
TN,2023-05-01,LIGHT PASSENGER VEHICLE,3
TN,2023-05-01,MEDIUM GOODS VEHICLE,0
TN,2023-05-01,MEDIUM MOTOR VEHICLE,0
TN,2023-05-01,MEDIUM PASSENGER VEHICLE,0
TN,2023-05-01,OTHER THAN MENTIONED ABOVE,0
TN,2023-05-01,THREE WHEELER (Invalid Carriage),0
TN,2023-05-01,THREE WHEELER(NT),1
TN,2023-05-01,THREE WHEELER(T),31
TN,2023-05-01,TWO WHEELER (Invalid Carriage),0
TN,2023-05-01,TWO WHEELER(NT),10326
TN,2023-05-01,TWO WHEELER(T),0
TN,2023-06-01,FOUR WHEELER (Invalid Carriage),0
TN,2023-06-01,HEAVY GOODS VEHICLE,0
TN,2023-06-01,HEAVY MOTOR VEHICLE,0
TN,2023-06-01,HEAVY PASSENGER VEHICLE,0
TN,2023-06-01,LIGHT GOODS VEHICLE,6
TN,2023-06-01,LIGHT MOTOR VEHICLE,500
TN,2023-06-01,LIGHT PASSENGER VEHICLE,1
TN,2023-06-01,MEDIUM GOODS VEHICLE,0
TN,2023-06-01,MEDIUM MOTOR VEHICLE,0
TN,2023-06-01,MEDIUM PASSENGER VEHICLE,0
TN,2023-06-01,OTHER THAN MENTIONED ABOVE,0
TN,2023-06-01,THREE WHEELER (Invalid Carriage),0
TN,2023-06-01,THREE WHEELER(NT),1
TN,2023-06-01,THREE WHEELER(T),74
TN,2023-06-01,TWO WHEELER (Invalid Carriage),0
TN,2023-06-01,TWO WHEELER(NT),4516
TN,2023-06-01,TWO WHEELER(T),0
TN,2023-07-01,FOUR WHEELER (Invalid Carriage),0
TN,2023-07-01,HEAVY GOODS VEHICLE,0
TN,2023-07-01,HEAVY MOTOR VEHICLE,0
TN,2023-07-01,HEAVY PASSENGER VEHICLE,0
TN,2023-07-01,LIGHT GOODS VEHICLE,7
TN,2023-07-01,LIGHT MOTOR VEHICLE,557
TN,2023-07-01,LIGHT PASSENGER VEHICLE,0
TN,2023-07-01,MEDIUM GOODS VEHICLE,0
TN,2023-07-01,MEDIUM MOTOR VEHICLE,0
TN,2023-07-01,MEDIUM PASSENGER VEHICLE,0
TN,2023-07-01,OTHER THAN MENTIONED ABOVE,0
TN,2023-07-01,THREE WHEELER (Invalid Carriage),0
TN,2023-07-01,THREE WHEELER(NT),1
TN,2023-07-01,THREE WHEELER(T),18
TN,2023-07-01,TWO WHEELER (Invalid Carriage),0
TN,2023-07-01,TWO WHEELER(NT),5782
TN,2023-07-01,TWO WHEELER(T),0
TN,2023-08-01,FOUR WHEELER (Invalid Carriage),0
TN,2023-08-01,HEAVY GOODS VEHICLE,0
TN,2023-08-01,HEAVY MOTOR VEHICLE,0
TN,2023-08-01,HEAVY PASSENGER VEHICLE,17
TN,2023-08-01,LIGHT GOODS VEHICLE,6
TN,2023-08-01,LIGHT MOTOR VEHICLE,456
TN,2023-08-01,LIGHT PASSENGER VEHICLE,51
TN,2023-08-01,MEDIUM GOODS VEHICLE,0
TN,2023-08-01,MEDIUM MOTOR VEHICLE,0
TN,2023-08-01,MEDIUM PASSENGER VEHICLE,0
TN,2023-08-01,OTHER THAN MENTIONED ABOVE,0
TN,2023-08-01,THREE WHEELER (Invalid Carriage),0
TN,2023-08-01,THREE WHEELER(NT),4
TN,2023-08-01,THREE WHEELER(T),22
TN,2023-08-01,TWO WHEELER (Invalid Carriage),0
TN,2023-08-01,TWO WHEELER(NT),6200
TN,2023-08-01,TWO WHEELER(T),0
TN,2023-09-01,FOUR WHEELER (Invalid Carriage),0
TN,2023-09-01,HEAVY GOODS VEHICLE,1
TN,2023-09-01,HEAVY MOTOR VEHICLE,0
TN,2023-09-01,HEAVY PASSENGER VEHICLE,4
TN,2023-09-01,LIGHT GOODS VEHICLE,19
TN,2023-09-01,LIGHT MOTOR VEHICLE,388
TN,2023-09-01,LIGHT PASSENGER VEHICLE,91
TN,2023-09-01,MEDIUM GOODS VEHICLE,0
TN,2023-09-01,MEDIUM MOTOR VEHICLE,0
TN,2023-09-01,MEDIUM PASSENGER VEHICLE,0
TN,2023-09-01,OTHER THAN MENTIONED ABOVE,0
TN,2023-09-01,THREE WHEELER (Invalid Carriage),0
TN,2023-09-01,THREE WHEELER(NT),3
TN,2023-09-01,THREE WHEELER(T),63
TN,2023-09-01,TWO WHEELER (Invalid Carriage),0
TN,2023-09-01,TWO WHEELER(NT),5176
TN,2023-09-01,TWO WHEELER(T),0
TN,2023-10-01,FOUR WHEELER (Invalid Carriage),0
TN,2023-10-01,HEAVY GOODS VEHICLE,0
TN,2023-10-01,HEAVY MOTOR VEHICLE,0
TN,2023-10-01,HEAVY PASSENGER VEHICLE,7
TN,2023-10-01,LIGHT GOODS VEHICLE,33
TN,2023-10-01,LIGHT MOTOR VEHICLE,476
TN,2023-10-01,LIGHT PASSENGER VEHICLE,59
TN,2023-10-01,MEDIUM GOODS VEHICLE,0
TN,2023-10-01,MEDIUM MOTOR VEHICLE,0
TN,2023-10-01,MEDIUM PASSENGER VEHICLE,0
TN,2023-10-01,OTHER THAN MENTIONED ABOVE,0
TN,2023-10-01,THREE WHEELER (Invalid Carriage),0
TN,2023-10-01,THREE WHEELER(NT),2
TN,2023-10-01,THREE WHEELER(T),61
TN,2023-10-01,TWO WHEELER (Invalid Carriage),0
TN,2023-10-01,TWO WHEELER(NT),6506
TN,2023-10-01,TWO WHEELER(T),0
TN,2023-11-01,FOUR WHEELER (Invalid Carriage),0
TN,2023-11-01,HEAVY GOODS VEHICLE,0
TN,2023-11-01,HEAVY MOTOR VEHICLE,0
TN,2023-11-01,HEAVY PASSENGER VEHICLE,16
TN,2023-11-01,LIGHT GOODS VEHICLE,15
TN,2023-11-01,LIGHT MOTOR VEHICLE,523
TN,2023-11-01,LIGHT PASSENGER VEHICLE,49
TN,2023-11-01,MEDIUM GOODS VEHICLE,0
TN,2023-11-01,MEDIUM MOTOR VEHICLE,0
TN,2023-11-01,MEDIUM PASSENGER VEHICLE,0
TN,2023-11-01,OTHER THAN MENTIONED ABOVE,0
TN,2023-11-01,THREE WHEELER (Invalid Carriage),0
TN,2023-11-01,THREE WHEELER(NT),1
TN,2023-11-01,THREE WHEELER(T),88
TN,2023-11-01,TWO WHEELER (Invalid Carriage),0
TN,2023-11-01,TWO WHEELER(NT),7091
TN,2023-11-01,TWO WHEELER(T),0
TN,2023-12-01,FOUR WHEELER (Invalid Carriage),0
TN,2023-12-01,HEAVY GOODS VEHICLE,0
TN,2023-12-01,HEAVY MOTOR VEHICLE,0
TN,2023-12-01,HEAVY PASSENGER VEHICLE,4
TN,2023-12-01,LIGHT GOODS VEHICLE,14
TN,2023-12-01,LIGHT MOTOR VEHICLE,511
TN,2023-12-01,LIGHT PASSENGER VEHICLE,6
TN,2023-12-01,MEDIUM GOODS VEHICLE,0
TN,2023-12-01,MEDIUM MOTOR VEHICLE,0
TN,2023-12-01,MEDIUM PASSENGER VEHICLE,0
TN,2023-12-01,OTHER THAN MENTIONED ABOVE,0
TN,2023-12-01,THREE WHEELER (Invalid Carriage),0
TN,2023-12-01,THREE WHEELER(NT),2
TN,2023-12-01,THREE WHEELER(T),70
TN,2023-12-01,TWO WHEELER (Invalid Carriage),0
TN,2023-12-01,TWO WHEELER(NT),5357
TN,2023-12-01,TWO WHEELER(T),0
TN,2024-01-01,FOUR WHEELER (Invalid Carriage),0
TN,2024-01-01,HEAVY GOODS VEHICLE,0
TN,2024-01-01,HEAVY MOTOR VEHICLE,0
TN,2024-01-01,HEAVY PASSENGER VEHICLE,34
TN,2024-01-01,LIGHT GOODS VEHICLE,29
TN,2024-01-01,LIGHT MOTOR VEHICLE,591
TN,2024-01-01,LIGHT PASSENGER VEHICLE,8
TN,2024-01-01,MEDIUM GOODS VEHICLE,0
TN,2024-01-01,MEDIUM MOTOR VEHICLE,0
TN,2024-01-01,MEDIUM PASSENGER VEHICLE,0
TN,2024-01-01,OTHER THAN MENTIONED ABOVE,0
TN,2024-01-01,THREE WHEELER (Invalid Carriage),0
TN,2024-01-01,THREE WHEELER(NT),3
TN,2024-01-01,THREE WHEELER(T),74
TN,2024-01-01,TWO WHEELER (Invalid Carriage),0
TN,2024-01-01,TWO WHEELER(NT),7578
TN,2024-01-01,TWO WHEELER(T),0
TN,2024-02-01,FOUR WHEELER (Invalid Carriage),0
TN,2024-02-01,HEAVY GOODS VEHICLE,0
TN,2024-02-01,HEAVY MOTOR VEHICLE,0
TN,2024-02-01,HEAVY PASSENGER VEHICLE,15
TN,2024-02-01,LIGHT GOODS VEHICLE,45
TN,2024-02-01,LIGHT MOTOR VEHICLE,576
TN,2024-02-01,LIGHT PASSENGER VEHICLE,19
TN,2024-02-01,MEDIUM GOODS VEHICLE,0
TN,2024-02-01,MEDIUM MOTOR VEHICLE,0
TN,2024-02-01,MEDIUM PASSENGER VEHICLE,0
TN,2024-02-01,OTHER THAN MENTIONED ABOVE,0
TN,2024-02-01,THREE WHEELER (Invalid Carriage),0
TN,2024-02-01,THREE WHEELER(NT),5
TN,2024-02-01,THREE WHEELER(T),98
TN,2024-02-01,TWO WHEELER (Invalid Carriage),0
TN,2024-02-01,TWO WHEELER(NT),8647
TN,2024-02-01,TWO WHEELER(T),0
TN,2024-03-01,FOUR WHEELER (Invalid Carriage),0
TN,2024-03-01,HEAVY GOODS VEHICLE,0
TN,2024-03-01,HEAVY MOTOR VEHICLE,0
TN,2024-03-01,HEAVY PASSENGER VEHICLE,14
TN,2024-03-01,LIGHT GOODS VEHICLE,59
TN,2024-03-01,LIGHT MOTOR VEHICLE,696
TN,2024-03-01,LIGHT PASSENGER VEHICLE,77
TN,2024-03-01,MEDIUM GOODS VEHICLE,0
TN,2024-03-01,MEDIUM MOTOR VEHICLE,0
TN,2024-03-01,MEDIUM PASSENGER VEHICLE,0
TN,2024-03-01,OTHER THAN MENTIONED ABOVE,0
TN,2024-03-01,THREE WHEELER (Invalid Carriage),0
TN,2024-03-01,THREE WHEELER(NT),3
TN,2024-03-01,THREE WHEELER(T),145
TN,2024-03-01,TWO WHEELER (Invalid Carriage),0
TN,2024-03-01,TWO WHEELER(NT),13351
TN,2024-03-01,TWO WHEELER(T),0
TN,2024-04-01,FOUR WHEELER (Invalid Carriage),0
TN,2024-04-01,HEAVY GOODS VEHICLE,0
TN,2024-04-01,HEAVY MOTOR VEHICLE,0
TN,2024-04-01,HEAVY PASSENGER VEHICLE,0
TN,2024-04-01,LIGHT GOODS VEHICLE,18
TN,2024-04-01,LIGHT MOTOR VEHICLE,699
TN,2024-04-01,LIGHT PASSENGER VEHICLE,10
TN,2024-04-01,MEDIUM GOODS VEHICLE,0
TN,2024-04-01,MEDIUM MOTOR VEHICLE,0
TN,2024-04-01,MEDIUM PASSENGER VEHICLE,0
TN,2024-04-01,OTHER THAN MENTIONED ABOVE,0
TN,2024-04-01,THREE WHEELER (Invalid Carriage),0
TN,2024-04-01,THREE WHEELER(NT),3
TN,2024-04-01,THREE WHEELER(T),68
TN,2024-04-01,TWO WHEELER (Invalid Carriage),0
TN,2024-04-01,TWO WHEELER(NT),6753
TN,2024-04-01,TWO WHEELER(T),0
TN,2024-05-01,FOUR WHEELER (Invalid Carriage),1
TN,2024-05-01,HEAVY GOODS VEHICLE,0
TN,2024-05-01,HEAVY MOTOR VEHICLE,0
TN,2024-05-01,HEAVY PASSENGER VEHICLE,11
TN,2024-05-01,LIGHT GOODS VEHICLE,21
TN,2024-05-01,LIGHT MOTOR VEHICLE,601
TN,2024-05-01,LIGHT PASSENGER VEHICLE,20
TN,2024-05-01,MEDIUM GOODS VEHICLE,0
TN,2024-05-01,MEDIUM MOTOR VEHICLE,0
TN,2024-05-01,MEDIUM PASSENGER VEHICLE,0
TN,2024-05-01,OTHER THAN MENTIONED ABOVE,0
TN,2024-05-01,THREE WHEELER (Invalid Carriage),0
TN,2024-05-01,THREE WHEELER(NT),3
TN,2024-05-01,THREE WHEELER(T),51
TN,2024-05-01,TWO WHEELER (Invalid Carriage),0
TN,2024-05-01,TWO WHEELER(NT),7057
TN,2024-05-01,TWO WHEELER(T),0
TN,2024-06-01,FOUR WHEELER (Invalid Carriage),0
TN,2024-06-01,HEAVY GOODS VEHICLE,0
TN,2024-06-01,HEAVY MOTOR VEHICLE,0
TN,2024-06-01,HEAVY PASSENGER VEHICLE,0
TN,2024-06-01,LIGHT GOODS VEHICLE,23
TN,2024-06-01,LIGHT MOTOR VEHICLE,599
TN,2024-06-01,LIGHT PASSENGER VEHICLE,77
TN,2024-06-01,MEDIUM GOODS VEHICLE,0
TN,2024-06-01,MEDIUM MOTOR VEHICLE,0
TN,2024-06-01,MEDIUM PASSENGER VEHICLE,0
TN,2024-06-01,OTHER THAN MENTIONED ABOVE,0
TN,2024-06-01,THREE WHEELER (Invalid Carriage),0
TN,2024-06-01,THREE WHEELER(NT),4
TN,2024-06-01,THREE WHEELER(T),76
TN,2024-06-01,TWO WHEELER (Invalid Carriage),2
TN,2024-06-01,TWO WHEELER(NT),8470
TN,2024-06-01,TWO WHEELER(T),0
TN,2024-07-01,FOUR WHEELER (Invalid Carriage),0
TN,2024-07-01,HEAVY GOODS VEHICLE,0
TN,2024-07-01,HEAVY MOTOR VEHICLE,0
TN,2024-07-01,HEAVY PASSENGER VEHICLE,0
TN,2024-07-01,LIGHT GOODS VEHICLE,21
TN,2024-07-01,LIGHT MOTOR VEHICLE,794
TN,2024-07-01,LIGHT PASSENGER VEHICLE,25
TN,2024-07-01,MEDIUM GOODS VEHICLE,0
TN,2024-07-01,MEDIUM MOTOR VEHICLE,0
TN,2024-07-01,MEDIUM PASSENGER VEHICLE,0
TN,2024-07-01,OTHER THAN MENTIONED ABOVE,0
TN,2024-07-01,THREE WHEELER (Invalid Carriage),0
TN,2024-07-01,THREE WHEELER(NT),9
TN,2024-07-01,THREE WHEELER(T),90
TN,2024-07-01,TWO WHEELER (Invalid Carriage),0
TN,2024-07-01,TWO WHEELER(NT),12856
TN,2024-07-01,TWO WHEELER(T),0
TN,2024-08-01,FOUR WHEELER (Invalid Carriage),0
TN,2024-08-01,HEAVY GOODS VEHICLE,0
TN,2024-08-01,HEAVY MOTOR VEHICLE,0
TN,2024-08-01,HEAVY PASSENGER VEHICLE,0
TN,2024-08-01,LIGHT GOODS VEHICLE,9
TN,2024-08-01,LIGHT MOTOR VEHICLE,691
TN,2024-08-01,LIGHT PASSENGER VEHICLE,13
TN,2024-08-01,MEDIUM GOODS VEHICLE,0
TN,2024-08-01,MEDIUM MOTOR VEHICLE,0
TN,2024-08-01,MEDIUM PASSENGER VEHICLE,0
TN,2024-08-01,OTHER THAN MENTIONED ABOVE,0
TN,2024-08-01,THREE WHEELER (Invalid Carriage),0
TN,2024-08-01,THREE WHEELER(NT),5
TN,2024-08-01,THREE WHEELER(T),52
TN,2024-08-01,TWO WHEELER (Invalid Carriage),1
TN,2024-08-01,TWO WHEELER(NT),9994
TN,2024-08-01,TWO WHEELER(T),0
TN,2024-09-01,FOUR WHEELER (Invalid Carriage),0
TN,2024-09-01,HEAVY GOODS VEHICLE,0
TN,2024-09-01,HEAVY MOTOR VEHICLE,0
TN,2024-09-01,HEAVY PASSENGER VEHICLE,3
TN,2024-09-01,LIGHT GOODS VEHICLE,55
TN,2024-09-01,LIGHT MOTOR VEHICLE,695
TN,2024-09-01,LIGHT PASSENGER VEHICLE,92
TN,2024-09-01,MEDIUM GOODS VEHICLE,0
TN,2024-09-01,MEDIUM MOTOR VEHICLE,0
TN,2024-09-01,MEDIUM PASSENGER VEHICLE,0
TN,2024-09-01,OTHER THAN MENTIONED ABOVE,0
TN,2024-09-01,THREE WHEELER (Invalid Carriage),0
TN,2024-09-01,THREE WHEELER(NT),6
TN,2024-09-01,THREE WHEELER(T),116
TN,2024-09-01,TWO WHEELER (Invalid Carriage),0
TN,2024-09-01,TWO WHEELER(NT),11136
TN,2024-09-01,TWO WHEELER(T),0
TN,2024-10-01,FOUR WHEELER (Invalid Carriage),0
TN,2024-10-01,HEAVY GOODS VEHICLE,3
TN,2024-10-01,HEAVY MOTOR VEHICLE,0
TN,2024-10-01,HEAVY PASSENGER VEHICLE,0
TN,2024-10-01,LIGHT GOODS VEHICLE,48
TN,2024-10-01,LIGHT MOTOR VEHICLE,787
TN,2024-10-01,LIGHT PASSENGER VEHICLE,33
TN,2024-10-01,MEDIUM GOODS VEHICLE,0
TN,2024-10-01,MEDIUM MOTOR VEHICLE,0
TN,2024-10-01,MEDIUM PASSENGER VEHICLE,0
TN,2024-10-01,OTHER THAN MENTIONED ABOVE,0
TN,2024-10-01,THREE WHEELER (Invalid Carriage),0
TN,2024-10-01,THREE WHEELER(NT),11
TN,2024-10-01,THREE WHEELER(T),186
TN,2024-10-01,TWO WHEELER (Invalid Carriage),0
TN,2024-10-01,TWO WHEELER(NT),10204
TN,2024-10-01,TWO WHEELER(T),0
TN,2024-11-01,FOUR WHEELER (Invalid Carriage),1
TN,2024-11-01,HEAVY GOODS VEHICLE,9
TN,2024-11-01,HEAVY MOTOR VEHICLE,0
TN,2024-11-01,HEAVY PASSENGER VEHICLE,0
TN,2024-11-01,LIGHT GOODS VEHICLE,38
TN,2024-11-01,LIGHT MOTOR VEHICLE,831
TN,2024-11-01,LIGHT PASSENGER VEHICLE,74
TN,2024-11-01,MEDIUM GOODS VEHICLE,0
TN,2024-11-01,MEDIUM MOTOR VEHICLE,0
TN,2024-11-01,MEDIUM PASSENGER VEHICLE,0
TN,2024-11-01,OTHER THAN MENTIONED ABOVE,0
TN,2024-11-01,THREE WHEELER (Invalid Carriage),0
TN,2024-11-01,THREE WHEELER(NT),17
TN,2024-11-01,THREE WHEELER(T),190
TN,2024-11-01,TWO WHEELER (Invalid Carriage),0
TN,2024-11-01,TWO WHEELER(NT),11087
TN,2024-11-01,TWO WHEELER(T),0
TN,2024-12-01,FOUR WHEELER (Invalid Carriage),1
TN,2024-12-01,HEAVY GOODS VEHICLE,12
TN,2024-12-01,HEAVY MOTOR VEHICLE,0
TN,2024-12-01,HEAVY PASSENGER VEHICLE,5
TN,2024-12-01,LIGHT GOODS VEHICLE,30
TN,2024-12-01,LIGHT MOTOR VEHICLE,790
TN,2024-12-01,LIGHT PASSENGER VEHICLE,40
TN,2024-12-01,MEDIUM GOODS VEHICLE,0
TN,2024-12-01,MEDIUM MOTOR VEHICLE,0
TN,2024-12-01,MEDIUM PASSENGER VEHICLE,0
TN,2024-12-01,OTHER THAN MENTIONED ABOVE,0
TN,2024-12-01,THREE WHEELER (Invalid Carriage),0
TN,2024-12-01,THREE WHEELER(NT),4
TN,2024-12-01,THREE WHEELER(T),150
TN,2024-12-01,TWO WHEELER (Invalid Carriage),0
TN,2024-12-01,TWO WHEELER(NT),7517
TN,2024-12-01,TWO WHEELER(T),0
TN,2025-01-01,FOUR WHEELER (Invalid Carriage),1
TN,2025-01-01,HEAVY GOODS VEHICLE,1
TN,2025-01-01,HEAVY MOTOR VEHICLE,0
TN,2025-01-01,HEAVY PASSENGER VEHICLE,14
TN,2025-01-01,LIGHT GOODS VEHICLE,46
TN,2025-01-01,LIGHT MOTOR VEHICLE,1082
TN,2025-01-01,LIGHT PASSENGER VEHICLE,121
TN,2025-01-01,MEDIUM GOODS VEHICLE,0
TN,2025-01-01,MEDIUM MOTOR VEHICLE,0
TN,2025-01-01,MEDIUM PASSENGER VEHICLE,0
TN,2025-01-01,OTHER THAN MENTIONED ABOVE,0
TN,2025-01-01,THREE WHEELER (Invalid Carriage),0
TN,2025-01-01,THREE WHEELER(NT),11
TN,2025-01-01,THREE WHEELER(T),188
TN,2025-01-01,TWO WHEELER (Invalid Carriage),0
TN,2025-01-01,TWO WHEELER(NT),11867
TN,2025-01-01,TWO WHEELER(T),0
TN,2025-02-01,FOUR WHEELER (Invalid Carriage),0
TN,2025-02-01,HEAVY GOODS VEHICLE,2
TN,2025-02-01,HEAVY MOTOR VEHICLE,0
TN,2025-02-01,HEAVY PASSENGER VEHICLE,0
TN,2025-02-01,LIGHT GOODS VEHICLE,42
TN,2025-02-01,LIGHT MOTOR VEHICLE,890
TN,2025-02-01,LIGHT PASSENGER VEHICLE,17
TN,2025-02-01,MEDIUM GOODS VEHICLE,0
TN,2025-02-01,MEDIUM MOTOR VEHICLE,0
TN,2025-02-01,MEDIUM PASSENGER VEHICLE,0
TN,2025-02-01,OTHER THAN MENTIONED ABOVE,0
TN,2025-02-01,THREE WHEELER (Invalid Carriage),0
TN,2025-02-01,THREE WHEELER(NT),3
TN,2025-02-01,THREE WHEELER(T),199
TN,2025-02-01,TWO WHEELER (Invalid Carriage),0
TN,2025-02-01,TWO WHEELER(NT),9804
TN,2025-02-01,TWO WHEELER(T),0
TN,2025-03-01,FOUR WHEELER (Invalid Carriage),1
TN,2025-03-01,HEAVY GOODS VEHICLE,11
TN,2025-03-01,HEAVY MOTOR VEHICLE,0
TN,2025-03-01,HEAVY PASSENGER VEHICLE,3
TN,2025-03-01,LIGHT GOODS VEHICLE,44
TN,2025-03-01,LIGHT MOTOR VEHICLE,1072
TN,2025-03-01,LIGHT PASSENGER VEHICLE,70
TN,2025-03-01,MEDIUM GOODS VEHICLE,0
TN,2025-03-01,MEDIUM MOTOR VEHICLE,0
TN,2025-03-01,MEDIUM PASSENGER VEHICLE,0
TN,2025-03-01,OTHER THAN MENTIONED ABOVE,0
TN,2025-03-01,THREE WHEELER (Invalid Carriage),0
TN,2025-03-01,THREE WHEELER(NT),4
TN,2025-03-01,THREE WHEELER(T),288
TN,2025-03-01,TWO WHEELER (Invalid Carriage),0
TN,2025-03-01,TWO WHEELER(NT),11973
TN,2025-03-01,TWO WHEELER(T),0
TN,2025-04-01,FOUR WHEELER (Invalid Carriage),0
TN,2025-04-01,HEAVY GOODS VEHICLE,0
TN,2025-04-01,HEAVY MOTOR VEHICLE,0
TN,2025-04-01,HEAVY PASSENGER VEHICLE,0
TN,2025-04-01,LIGHT GOODS VEHICLE,57
TN,2025-04-01,LIGHT MOTOR VEHICLE,1283
TN,2025-04-01,LIGHT PASSENGER VEHICLE,68
TN,2025-04-01,MEDIUM GOODS VEHICLE,0
TN,2025-04-01,MEDIUM MOTOR VEHICLE,0
TN,2025-04-01,MEDIUM PASSENGER VEHICLE,0
TN,2025-04-01,OTHER THAN MENTIONED ABOVE,0
TN,2025-04-01,THREE WHEELER (Invalid Carriage),0
TN,2025-04-01,THREE WHEELER(NT),7
TN,2025-04-01,THREE WHEELER(T),260
TN,2025-04-01,TWO WHEELER (Invalid Carriage),0
TN,2025-04-01,TWO WHEELER(NT),9830
TN,2025-04-01,TWO WHEELER(T),0
TN,2025-05-01,FOUR WHEELER (Invalid Carriage),0
TN,2025-05-01,HEAVY GOODS VEHICLE,1
TN,2025-05-01,HEAVY MOTOR VEHICLE,0
TN,2025-05-01,HEAVY PASSENGER VEHICLE,50
TN,2025-05-01,LIGHT GOODS VEHICLE,68
TN,2025-05-01,LIGHT MOTOR VEHICLE,1079
TN,2025-05-01,LIGHT PASSENGER VEHICLE,46
TN,2025-05-01,MEDIUM GOODS VEHICLE,0
TN,2025-05-01,MEDIUM MOTOR VEHICLE,0
TN,2025-05-01,MEDIUM PASSENGER VEHICLE,0
TN,2025-05-01,OTHER THAN MENTIONED ABOVE,0
TN,2025-05-01,THREE WHEELER (Invalid Carriage),0
TN,2025-05-01,THREE WHEELER(NT),8
TN,2025-05-01,THREE WHEELER(T),207
TN,2025-05-01,TWO WHEELER (Invalid Carriage),0
TN,2025-05-01,TWO WHEELER(NT),9597
TN,2025-05-01,TWO WHEELER(T),0
TN,2025-06-01,FOUR WHEELER (Invalid Carriage),0
TN,2025-06-01,HEAVY GOODS VEHICLE,0
TN,2025-06-01,HEAVY MOTOR VEHICLE,0
TN,2025-06-01,HEAVY PASSENGER VEHICLE,120
TN,2025-06-01,LIGHT GOODS VEHICLE,52
TN,2025-06-01,LIGHT MOTOR VEHICLE,1333
TN,2025-06-01,LIGHT PASSENGER VEHICLE,28
TN,2025-06-01,MEDIUM GOODS VEHICLE,0
TN,2025-06-01,MEDIUM MOTOR VEHICLE,0
TN,2025-06-01,MEDIUM PASSENGER VEHICLE,0
TN,2025-06-01,OTHER THAN MENTIONED ABOVE,0
TN,2025-06-01,THREE WHEELER (Invalid Carriage),0
TN,2025-06-01,THREE WHEELER(NT),13
TN,2025-06-01,THREE WHEELER(T),317
TN,2025-06-01,TWO WHEELER (Invalid Carriage),0
TN,2025-06-01,TWO WHEELER(NT),11217
TN,2025-06-01,TWO WHEELER(T),0
TN,2025-07-01,FOUR WHEELER (Invalid Carriage),0
TN,2025-07-01,HEAVY GOODS VEHICLE,0
TN,2025-07-01,HEAVY MOTOR VEHICLE,0
TN,2025-07-01,HEAVY PASSENGER VEHICLE,8
TN,2025-07-01,LIGHT GOODS VEHICLE,102
TN,2025-07-01,LIGHT MOTOR VEHICLE,1439
TN,2025-07-01,LIGHT PASSENGER VEHICLE,42
TN,2025-07-01,MEDIUM GOODS VEHICLE,0
TN,2025-07-01,MEDIUM MOTOR VEHICLE,0
TN,2025-07-01,MEDIUM PASSENGER VEHICLE,0
TN,2025-07-01,OTHER THAN MENTIONED ABOVE,0
TN,2025-07-01,THREE WHEELER (Invalid Carriage),0
TN,2025-07-01,THREE WHEELER(NT),10
TN,2025-07-01,THREE WHEELER(T),277
TN,2025-07-01,TWO WHEELER (Invalid Carriage),0
TN,2025-07-01,TWO WHEELER(NT),11430
TN,2025-07-01,TWO WHEELER(T),0
TN,2025-08-01,FOUR WHEELER (Invalid Carriage),0
TN,2025-08-01,HEAVY GOODS VEHICLE,0
TN,2025-08-01,HEAVY MOTOR VEHICLE,0
TN,2025-08-01,HEAVY PASSENGER VEHICLE,21
TN,2025-08-01,LIGHT GOODS VEHICLE,76
TN,2025-08-01,LIGHT MOTOR VEHICLE,1366
TN,2025-08-01,LIGHT PASSENGER VEHICLE,33
TN,2025-08-01,MEDIUM GOODS VEHICLE,0
TN,2025-08-01,MEDIUM MOTOR VEHICLE,0
TN,2025-08-01,MEDIUM PASSENGER VEHICLE,0
TN,2025-08-01,OTHER THAN MENTIONED ABOVE,0
TN,2025-08-01,THREE WHEELER (Invalid Carriage),0
TN,2025-08-01,THREE WHEELER(NT),10
TN,2025-08-01,THREE WHEELER(T),229
TN,2025-08-01,TWO WHEELER (Invalid Carriage),0
TN,2025-08-01,TWO WHEELER(NT),10872
TN,2025-08-01,TWO WHEELER(T),0
TN,2025-09-01,FOUR WHEELER (Invalid Carriage),1
TN,2025-09-01,HEAVY GOODS VEHICLE,0
TN,2025-09-01,HEAVY MOTOR VEHICLE,0
TN,2025-09-01,HEAVY PASSENGER VEHICLE,52
TN,2025-09-01,LIGHT GOODS VEHICLE,99
TN,2025-09-01,LIGHT MOTOR VEHICLE,1803
TN,2025-09-01,LIGHT PASSENGER VEHICLE,49
TN,2025-09-01,MEDIUM GOODS VEHICLE,0
TN,2025-09-01,MEDIUM MOTOR VEHICLE,0
TN,2025-09-01,MEDIUM PASSENGER VEHICLE,0
TN,2025-09-01,OTHER THAN MENTIONED ABOVE,0
TN,2025-09-01,THREE WHEELER (Invalid Carriage),0
TN,2025-09-01,THREE WHEELER(NT),24
TN,2025-09-01,THREE WHEELER(T),418
TN,2025-09-01,TWO WHEELER (Invalid Carriage),0
TN,2025-09-01,TWO WHEELER(NT),11615
TN,2025-09-01,TWO WHEELER(T),0
TN,2025-10-01,FOUR WHEELER (Invalid Carriage),2
TN,2025-10-01,HEAVY GOODS VEHICLE,13
TN,2025-10-01,HEAVY MOTOR VEHICLE,0
TN,2025-10-01,HEAVY PASSENGER VEHICLE,28
TN,2025-10-01,LIGHT GOODS VEHICLE,186
TN,2025-10-01,LIGHT MOTOR VEHICLE,2160
TN,2025-10-01,LIGHT PASSENGER VEHICLE,52
TN,2025-10-01,MEDIUM GOODS VEHICLE,0
TN,2025-10-01,MEDIUM MOTOR VEHICLE,0
TN,2025-10-01,MEDIUM PASSENGER VEHICLE,0
TN,2025-10-01,OTHER THAN MENTIONED ABOVE,0
TN,2025-10-01,THREE WHEELER (Invalid Carriage),0
TN,2025-10-01,THREE WHEELER(NT),68
TN,2025-10-01,THREE WHEELER(T),541
TN,2025-10-01,TWO WHEELER (Invalid Carriage),0
TN,2025-10-01,TWO WHEELER(NT),12342
TN,2025-10-01,TWO WHEELER(T),0
TN,2025-11-01,FOUR WHEELER (Invalid Carriage),1
TN,2025-11-01,HEAVY GOODS VEHICLE,10
TN,2025-11-01,HEAVY MOTOR VEHICLE,0
TN,2025-11-01,HEAVY PASSENGER VEHICLE,55
TN,2025-11-01,LIGHT GOODS VEHICLE,153
TN,2025-11-01,LIGHT MOTOR VEHICLE,2002
TN,2025-11-01,LIGHT PASSENGER VEHICLE,37
TN,2025-11-01,MEDIUM GOODS VEHICLE,0
TN,2025-11-01,MEDIUM MOTOR VEHICLE,0
TN,2025-11-01,MEDIUM PASSENGER VEHICLE,0
TN,2025-11-01,OTHER THAN MENTIONED ABOVE,0
TN,2025-11-01,THREE WHEELER (Invalid Carriage),0
TN,2025-11-01,THREE WHEELER(NT),59
TN,2025-11-01,THREE WHEELER(T),764
TN,2025-11-01,TWO WHEELER (Invalid Carriage),0
TN,2025-11-01,TWO WHEELER(NT),12581
TN,2025-11-01,TWO WHEELER(T),0
TN,2025-12-01,FOUR WHEELER (Invalid Carriage),0
TN,2025-12-01,HEAVY GOODS VEHICLE,0
TN,2025-12-01,HEAVY MOTOR VEHICLE,0
TN,2025-12-01,HEAVY PASSENGER VEHICLE,84
TN,2025-12-01,LIGHT GOODS VEHICLE,219
TN,2025-12-01,LIGHT MOTOR VEHICLE,2712
TN,2025-12-01,LIGHT PASSENGER VEHICLE,27
TN,2025-12-01,MEDIUM GOODS VEHICLE,0
TN,2025-12-01,MEDIUM MOTOR VEHICLE,0
TN,2025-12-01,MEDIUM PASSENGER VEHICLE,0
TN,2025-12-01,OTHER THAN MENTIONED ABOVE,0
TN,2025-12-01,THREE WHEELER (Invalid Carriage),0
TN,2025-12-01,THREE WHEELER(NT),25
TN,2025-12-01,THREE WHEELER(T),1296
TN,2025-12-01,TWO WHEELER (Invalid Carriage),0
TN,2025-12-01,TWO WHEELER(NT),13331
TN,2025-12-01,TWO WHEELER(T),0
TN,2026-01-01,FOUR WHEELER (Invalid Carriage),0
TN,2026-01-01,HEAVY GOODS VEHICLE,0
TN,2026-01-01,HEAVY MOTOR VEHICLE,0
TN,2026-01-01,HEAVY PASSENGER VEHICLE,1
TN,2026-01-01,LIGHT GOODS VEHICLE,209
TN,2026-01-01,LIGHT MOTOR VEHICLE,2341
TN,2026-01-01,LIGHT PASSENGER VEHICLE,20
TN,2026-01-01,MEDIUM GOODS VEHICLE,0
TN,2026-01-01,MEDIUM MOTOR VEHICLE,0
TN,2026-01-01,MEDIUM PASSENGER VEHICLE,0
TN,2026-01-01,OTHER THAN MENTIONED ABOVE,0
TN,2026-01-01,THREE WHEELER (Invalid Carriage),0
TN,2026-01-01,THREE WHEELER(NT),21
TN,2026-01-01,THREE WHEELER(T),1310
TN,2026-01-01,TWO WHEELER (Invalid Carriage),0
TN,2026-01-01,TWO WHEELER(NT),15827
TN,2026-01-01,TWO WHEELER(T),0
TN,2026-02-01,FOUR WHEELER (Invalid Carriage),2
TN,2026-02-01,HEAVY GOODS VEHICLE,7
TN,2026-02-01,HEAVY MOTOR VEHICLE,0
TN,2026-02-01,HEAVY PASSENGER VEHICLE,203
TN,2026-02-01,LIGHT GOODS VEHICLE,162
TN,2026-02-01,LIGHT MOTOR VEHICLE,1990
TN,2026-02-01,LIGHT PASSENGER VEHICLE,125
TN,2026-02-01,MEDIUM GOODS VEHICLE,0
TN,2026-02-01,MEDIUM MOTOR VEHICLE,0
TN,2026-02-01,MEDIUM PASSENGER VEHICLE,0
TN,2026-02-01,OTHER THAN MENTIONED ABOVE,0
TN,2026-02-01,THREE WHEELER (Invalid Carriage),0
TN,2026-02-01,THREE WHEELER(NT),17
TN,2026-02-01,THREE WHEELER(T),691
TN,2026-02-01,TWO WHEELER (Invalid Carriage),0
TN,2026-02-01,TWO WHEELER(NT),15408
TN,2026-02-01,TWO WHEELER(T),0
TN,2026-03-01,FOUR WHEELER (Invalid Carriage),1
TN,2026-03-01,HEAVY GOODS VEHICLE,0
TN,2026-03-01,HEAVY MOTOR VEHICLE,0
TN,2026-03-01,HEAVY PASSENGER VEHICLE,56
TN,2026-03-01,LIGHT GOODS VEHICLE,211
TN,2026-03-01,LIGHT MOTOR VEHICLE,2770
TN,2026-03-01,LIGHT PASSENGER VEHICLE,57
TN,2026-03-01,MEDIUM GOODS VEHICLE,0
TN,2026-03-01,MEDIUM MOTOR VEHICLE,0
TN,2026-03-01,MEDIUM PASSENGER VEHICLE,0
TN,2026-03-01,OTHER THAN MENTIONED ABOVE,0
TN,2026-03-01,THREE WHEELER (Invalid Carriage),0
TN,2026-03-01,THREE WHEELER(NT),25
TN,2026-03-01,THREE WHEELER(T),617
TN,2026-03-01,TWO WHEELER (Invalid Carriage),1
TN,2026-03-01,TWO WHEELER(NT),24567
TN,2026-03-01,TWO WHEELER(T),0
TN,2026-04-01,FOUR WHEELER (Invalid Carriage),1
TN,2026-04-01,HEAVY GOODS VEHICLE,0
TN,2026-04-01,HEAVY MOTOR VEHICLE,0
TN,2026-04-01,HEAVY PASSENGER VEHICLE,5
TN,2026-04-01,LIGHT GOODS VEHICLE,211
TN,2026-04-01,LIGHT MOTOR VEHICLE,3358
TN,2026-04-01,LIGHT PASSENGER VEHICLE,31
TN,2026-04-01,MEDIUM GOODS VEHICLE,0
TN,2026-04-01,MEDIUM MOTOR VEHICLE,0
TN,2026-04-01,MEDIUM PASSENGER VEHICLE,0
TN,2026-04-01,OTHER THAN MENTIONED ABOVE,0
TN,2026-04-01,THREE WHEELER (Invalid Carriage),0
TN,2026-04-01,THREE WHEELER(NT),23
TN,2026-04-01,THREE WHEELER(T),989
TN,2026-04-01,TWO WHEELER (Invalid Carriage),0
TN,2026-04-01,TWO WHEELER(NT),18901
TN,2026-04-01,TWO WHEELER(T),0
TN,2026-05-01,FOUR WHEELER (Invalid Carriage),0
TN,2026-05-01,HEAVY GOODS VEHICLE,3
TN,2026-05-01,HEAVY MOTOR VEHICLE,0
TN,2026-05-01,HEAVY PASSENGER VEHICLE,13
TN,2026-05-01,LIGHT GOODS VEHICLE,180
TN,2026-05-01,LIGHT MOTOR VEHICLE,2413
TN,2026-05-01,LIGHT PASSENGER VEHICLE,35
TN,2026-05-01,MEDIUM GOODS VEHICLE,0
TN,2026-05-01,MEDIUM MOTOR VEHICLE,0
TN,2026-05-01,MEDIUM PASSENGER VEHICLE,2
TN,2026-05-01,OTHER THAN MENTIONED ABOVE,0
TN,2026-05-01,THREE WHEELER (Invalid Carriage),0
TN,2026-05-01,THREE WHEELER(NT),15
TN,2026-05-01,THREE WHEELER(T),755
TN,2026-05-01,TWO WHEELER (Invalid Carriage),0
TN,2026-05-01,TWO WHEELER(NT),17808
TN,2026-05-01,TWO WHEELER(T),0
TN,2026-06-01,FOUR WHEELER (Invalid Carriage),0
TN,2026-06-01,HEAVY GOODS VEHICLE,18
TN,2026-06-01,HEAVY MOTOR VEHICLE,0
TN,2026-06-01,HEAVY PASSENGER VEHICLE,33
TN,2026-06-01,LIGHT GOODS VEHICLE,281
TN,2026-06-01,LIGHT MOTOR VEHICLE,3516
TN,2026-06-01,LIGHT PASSENGER VEHICLE,50
TN,2026-06-01,MEDIUM GOODS VEHICLE,0
TN,2026-06-01,MEDIUM MOTOR VEHICLE,0
TN,2026-06-01,MEDIUM PASSENGER VEHICLE,4
TN,2026-06-01,OTHER THAN MENTIONED ABOVE,0
TN,2026-06-01,THREE WHEELER (Invalid Carriage),0
TN,2026-06-01,THREE WHEELER(NT),29
TN,2026-06-01,THREE WHEELER(T),1047
TN,2026-06-01,TWO WHEELER (Invalid Carriage),0
TN,2026-06-01,TWO WHEELER(NT),23936
TN,2026-06-01,TWO WHEELER(T),0
TN,2026-07-01,FOUR WHEELER (Invalid Carriage),2
TN,2026-07-01,HEAVY GOODS VEHICLE,8
TN,2026-07-01,HEAVY MOTOR VEHICLE,0
TN,2026-07-01,HEAVY PASSENGER VEHICLE,4
TN,2026-07-01,LIGHT GOODS VEHICLE,316
TN,2026-07-01,LIGHT MOTOR VEHICLE,4175
TN,2026-07-01,LIGHT PASSENGER VEHICLE,53
TN,2026-07-01,MEDIUM GOODS VEHICLE,0
TN,2026-07-01,MEDIUM MOTOR VEHICLE,0
TN,2026-07-01,MEDIUM PASSENGER VEHICLE,0
TN,2026-07-01,OTHER THAN MENTIONED ABOVE,0
TN,2026-07-01,THREE WHEELER (Invalid Carriage),0
TN,2026-07-01,THREE WHEELER(NT),55
TN,2026-07-01,THREE WHEELER(T),1026
TN,2026-07-01,TWO WHEELER (Invalid Carriage),0
TN,2026-07-01,TWO WHEELER(NT),24241
TN,2026-07-01,TWO WHEELER(T),0
TN,2026-08-01,FOUR WHEELER (Invalid Carriage),2
TN,2026-08-01,HEAVY GOODS VEHICLE,20
TN,2026-08-01,HEAVY MOTOR VEHICLE,0
TN,2026-08-01,HEAVY PASSENGER VEHICLE,109
TN,2026-08-01,LIGHT GOODS VEHICLE,274
TN,2026-08-01,LIGHT MOTOR VEHICLE,3239
TN,2026-08-01,LIGHT PASSENGER VEHICLE,44
TN,2026-08-01,MEDIUM GOODS VEHICLE,0
TN,2026-08-01,MEDIUM MOTOR VEHICLE,0
TN,2026-08-01,MEDIUM PASSENGER VEHICLE,0
TN,2026-08-01,OTHER THAN MENTIONED ABOVE,0
TN,2026-08-01,THREE WHEELER (Invalid Carriage),0
TN,2026-08-01,THREE WHEELER(NT),38
TN,2026-08-01,THREE WHEELER(T),1169
TN,2026-08-01,TWO WHEELER (Invalid Carriage),0
TN,2026-08-01,TWO WHEELER(NT),20065
TN,2026-08-01,TWO WHEELER(T),0
TN,2026-09-01,FOUR WHEELER (Invalid Carriage),0
TN,2026-09-01,HEAVY GOODS VEHICLE,0
TN,2026-09-01,HEAVY MOTOR VEHICLE,0
TN,2026-09-01,HEAVY PASSENGER VEHICLE,4
TN,2026-09-01,LIGHT GOODS VEHICLE,89
TN,2026-09-01,LIGHT MOTOR VEHICLE,1179
TN,2026-09-01,LIGHT PASSENGER VEHICLE,17
TN,2026-09-01,MEDIUM GOODS VEHICLE,0
TN,2026-09-01,MEDIUM MOTOR VEHICLE,0
TN,2026-09-01,MEDIUM PASSENGER VEHICLE,0
TN,2026-09-01,OTHER THAN MENTIONED ABOVE,0
TN,2026-09-01,THREE WHEELER (Invalid Carriage),0
TN,2026-09-01,THREE WHEELER(NT),11
TN,2026-09-01,THREE WHEELER(T),340
TN,2026-09-01,TWO WHEELER (Invalid Carriage),0
TN,2026-09-01,TWO WHEELER(NT),7745
TN,2026-09-01,TWO WHEELER(T),0
UP,2019-01-01,FOUR WHEELER (Invalid Carriage),0
UP,2019-01-01,HEAVY GOODS VEHICLE,0
UP,2019-01-01,HEAVY MOTOR VEHICLE,0
UP,2019-01-01,HEAVY PASSENGER VEHICLE,0
UP,2019-01-01,LIGHT GOODS VEHICLE,0
UP,2019-01-01,LIGHT MOTOR VEHICLE,1
UP,2019-01-01,LIGHT PASSENGER VEHICLE,0
UP,2019-01-01,MEDIUM GOODS VEHICLE,0
UP,2019-01-01,MEDIUM MOTOR VEHICLE,0
UP,2019-01-01,MEDIUM PASSENGER VEHICLE,0
UP,2019-01-01,OTHER THAN MENTIONED ABOVE,0
UP,2019-01-01,THREE WHEELER (Invalid Carriage),0
UP,2019-01-01,THREE WHEELER(NT),0
UP,2019-01-01,THREE WHEELER(T),45
UP,2019-01-01,TWO WHEELER (Invalid Carriage),0
UP,2019-01-01,TWO WHEELER(NT),23
UP,2019-01-01,TWO WHEELER(T),0
UP,2019-02-01,FOUR WHEELER (Invalid Carriage),0
UP,2019-02-01,HEAVY GOODS VEHICLE,0
UP,2019-02-01,HEAVY MOTOR VEHICLE,0
UP,2019-02-01,HEAVY PASSENGER VEHICLE,0
UP,2019-02-01,LIGHT GOODS VEHICLE,0
UP,2019-02-01,LIGHT MOTOR VEHICLE,0
UP,2019-02-01,LIGHT PASSENGER VEHICLE,0
UP,2019-02-01,MEDIUM GOODS VEHICLE,0
UP,2019-02-01,MEDIUM MOTOR VEHICLE,0
UP,2019-02-01,MEDIUM PASSENGER VEHICLE,0
UP,2019-02-01,OTHER THAN MENTIONED ABOVE,0
UP,2019-02-01,THREE WHEELER (Invalid Carriage),0
UP,2019-02-01,THREE WHEELER(NT),0
UP,2019-02-01,THREE WHEELER(T),44
UP,2019-02-01,TWO WHEELER (Invalid Carriage),0
UP,2019-02-01,TWO WHEELER(NT),15
UP,2019-02-01,TWO WHEELER(T),0
UP,2019-03-01,FOUR WHEELER (Invalid Carriage),0
UP,2019-03-01,HEAVY GOODS VEHICLE,0
UP,2019-03-01,HEAVY MOTOR VEHICLE,0
UP,2019-03-01,HEAVY PASSENGER VEHICLE,0
UP,2019-03-01,LIGHT GOODS VEHICLE,0
UP,2019-03-01,LIGHT MOTOR VEHICLE,3
UP,2019-03-01,LIGHT PASSENGER VEHICLE,0
UP,2019-03-01,MEDIUM GOODS VEHICLE,0
UP,2019-03-01,MEDIUM MOTOR VEHICLE,0
UP,2019-03-01,MEDIUM PASSENGER VEHICLE,0
UP,2019-03-01,OTHER THAN MENTIONED ABOVE,0
UP,2019-03-01,THREE WHEELER (Invalid Carriage),0
UP,2019-03-01,THREE WHEELER(NT),0
UP,2019-03-01,THREE WHEELER(T),38
UP,2019-03-01,TWO WHEELER (Invalid Carriage),0
UP,2019-03-01,TWO WHEELER(NT),10
UP,2019-03-01,TWO WHEELER(T),0
UP,2019-04-01,FOUR WHEELER (Invalid Carriage),0
UP,2019-04-01,HEAVY GOODS VEHICLE,0
UP,2019-04-01,HEAVY MOTOR VEHICLE,0
UP,2019-04-01,HEAVY PASSENGER VEHICLE,0
UP,2019-04-01,LIGHT GOODS VEHICLE,0
UP,2019-04-01,LIGHT MOTOR VEHICLE,1
UP,2019-04-01,LIGHT PASSENGER VEHICLE,0
UP,2019-04-01,MEDIUM GOODS VEHICLE,0
UP,2019-04-01,MEDIUM MOTOR VEHICLE,0
UP,2019-04-01,MEDIUM PASSENGER VEHICLE,1
UP,2019-04-01,OTHER THAN MENTIONED ABOVE,0
UP,2019-04-01,THREE WHEELER (Invalid Carriage),0
UP,2019-04-01,THREE WHEELER(NT),0
UP,2019-04-01,THREE WHEELER(T),38
UP,2019-04-01,TWO WHEELER (Invalid Carriage),0
UP,2019-04-01,TWO WHEELER(NT),13
UP,2019-04-01,TWO WHEELER(T),0
UP,2019-05-01,FOUR WHEELER (Invalid Carriage),0
UP,2019-05-01,HEAVY GOODS VEHICLE,0
UP,2019-05-01,HEAVY MOTOR VEHICLE,0
UP,2019-05-01,HEAVY PASSENGER VEHICLE,0
UP,2019-05-01,LIGHT GOODS VEHICLE,0
UP,2019-05-01,LIGHT MOTOR VEHICLE,0
UP,2019-05-01,LIGHT PASSENGER VEHICLE,0
UP,2019-05-01,MEDIUM GOODS VEHICLE,0
UP,2019-05-01,MEDIUM MOTOR VEHICLE,0
UP,2019-05-01,MEDIUM PASSENGER VEHICLE,24
UP,2019-05-01,OTHER THAN MENTIONED ABOVE,0
UP,2019-05-01,THREE WHEELER (Invalid Carriage),0
UP,2019-05-01,THREE WHEELER(NT),0
UP,2019-05-01,THREE WHEELER(T),46
UP,2019-05-01,TWO WHEELER (Invalid Carriage),0
UP,2019-05-01,TWO WHEELER(NT),1
UP,2019-05-01,TWO WHEELER(T),0
UP,2019-06-01,FOUR WHEELER (Invalid Carriage),0
UP,2019-06-01,HEAVY GOODS VEHICLE,0
UP,2019-06-01,HEAVY MOTOR VEHICLE,0
UP,2019-06-01,HEAVY PASSENGER VEHICLE,0
UP,2019-06-01,LIGHT GOODS VEHICLE,0
UP,2019-06-01,LIGHT MOTOR VEHICLE,0
UP,2019-06-01,LIGHT PASSENGER VEHICLE,0
UP,2019-06-01,MEDIUM GOODS VEHICLE,0
UP,2019-06-01,MEDIUM MOTOR VEHICLE,0
UP,2019-06-01,MEDIUM PASSENGER VEHICLE,15
UP,2019-06-01,OTHER THAN MENTIONED ABOVE,0
UP,2019-06-01,THREE WHEELER (Invalid Carriage),0
UP,2019-06-01,THREE WHEELER(NT),0
UP,2019-06-01,THREE WHEELER(T),60
UP,2019-06-01,TWO WHEELER (Invalid Carriage),0
UP,2019-06-01,TWO WHEELER(NT),4
UP,2019-06-01,TWO WHEELER(T),0
UP,2019-07-01,FOUR WHEELER (Invalid Carriage),0
UP,2019-07-01,HEAVY GOODS VEHICLE,0
UP,2019-07-01,HEAVY MOTOR VEHICLE,0
UP,2019-07-01,HEAVY PASSENGER VEHICLE,0
UP,2019-07-01,LIGHT GOODS VEHICLE,0
UP,2019-07-01,LIGHT MOTOR VEHICLE,1
UP,2019-07-01,LIGHT PASSENGER VEHICLE,0
UP,2019-07-01,MEDIUM GOODS VEHICLE,0
UP,2019-07-01,MEDIUM MOTOR VEHICLE,0
UP,2019-07-01,MEDIUM PASSENGER VEHICLE,0
UP,2019-07-01,OTHER THAN MENTIONED ABOVE,0
UP,2019-07-01,THREE WHEELER (Invalid Carriage),0
UP,2019-07-01,THREE WHEELER(NT),0
UP,2019-07-01,THREE WHEELER(T),51
UP,2019-07-01,TWO WHEELER (Invalid Carriage),0
UP,2019-07-01,TWO WHEELER(NT),3
UP,2019-07-01,TWO WHEELER(T),0
UP,2019-08-01,FOUR WHEELER (Invalid Carriage),0
UP,2019-08-01,HEAVY GOODS VEHICLE,0
UP,2019-08-01,HEAVY MOTOR VEHICLE,0
UP,2019-08-01,HEAVY PASSENGER VEHICLE,0
UP,2019-08-01,LIGHT GOODS VEHICLE,0
UP,2019-08-01,LIGHT MOTOR VEHICLE,0
UP,2019-08-01,LIGHT PASSENGER VEHICLE,0
UP,2019-08-01,MEDIUM GOODS VEHICLE,0
UP,2019-08-01,MEDIUM MOTOR VEHICLE,0
UP,2019-08-01,MEDIUM PASSENGER VEHICLE,0
UP,2019-08-01,OTHER THAN MENTIONED ABOVE,0
UP,2019-08-01,THREE WHEELER (Invalid Carriage),0
UP,2019-08-01,THREE WHEELER(NT),0
UP,2019-08-01,THREE WHEELER(T),62
UP,2019-08-01,TWO WHEELER (Invalid Carriage),0
UP,2019-08-01,TWO WHEELER(NT),1
UP,2019-08-01,TWO WHEELER(T),0
UP,2019-09-01,FOUR WHEELER (Invalid Carriage),0
UP,2019-09-01,HEAVY GOODS VEHICLE,0
UP,2019-09-01,HEAVY MOTOR VEHICLE,0
UP,2019-09-01,HEAVY PASSENGER VEHICLE,0
UP,2019-09-01,LIGHT GOODS VEHICLE,0
UP,2019-09-01,LIGHT MOTOR VEHICLE,3
UP,2019-09-01,LIGHT PASSENGER VEHICLE,0
UP,2019-09-01,MEDIUM GOODS VEHICLE,0
UP,2019-09-01,MEDIUM MOTOR VEHICLE,0
UP,2019-09-01,MEDIUM PASSENGER VEHICLE,0
UP,2019-09-01,OTHER THAN MENTIONED ABOVE,0
UP,2019-09-01,THREE WHEELER (Invalid Carriage),0
UP,2019-09-01,THREE WHEELER(NT),0
UP,2019-09-01,THREE WHEELER(T),73
UP,2019-09-01,TWO WHEELER (Invalid Carriage),0
UP,2019-09-01,TWO WHEELER(NT),2
UP,2019-09-01,TWO WHEELER(T),0
UP,2019-10-01,FOUR WHEELER (Invalid Carriage),0
UP,2019-10-01,HEAVY GOODS VEHICLE,0
UP,2019-10-01,HEAVY MOTOR VEHICLE,0
UP,2019-10-01,HEAVY PASSENGER VEHICLE,0
UP,2019-10-01,LIGHT GOODS VEHICLE,0
UP,2019-10-01,LIGHT MOTOR VEHICLE,4
UP,2019-10-01,LIGHT PASSENGER VEHICLE,0
UP,2019-10-01,MEDIUM GOODS VEHICLE,0
UP,2019-10-01,MEDIUM MOTOR VEHICLE,0
UP,2019-10-01,MEDIUM PASSENGER VEHICLE,0
UP,2019-10-01,OTHER THAN MENTIONED ABOVE,0
UP,2019-10-01,THREE WHEELER (Invalid Carriage),0
UP,2019-10-01,THREE WHEELER(NT),0
UP,2019-10-01,THREE WHEELER(T),93
UP,2019-10-01,TWO WHEELER (Invalid Carriage),0
UP,2019-10-01,TWO WHEELER(NT),6
UP,2019-10-01,TWO WHEELER(T),0
UP,2019-11-01,FOUR WHEELER (Invalid Carriage),0
UP,2019-11-01,HEAVY GOODS VEHICLE,0
UP,2019-11-01,HEAVY MOTOR VEHICLE,0
UP,2019-11-01,HEAVY PASSENGER VEHICLE,0
UP,2019-11-01,LIGHT GOODS VEHICLE,0
UP,2019-11-01,LIGHT MOTOR VEHICLE,2
UP,2019-11-01,LIGHT PASSENGER VEHICLE,0
UP,2019-11-01,MEDIUM GOODS VEHICLE,0
UP,2019-11-01,MEDIUM MOTOR VEHICLE,0
UP,2019-11-01,MEDIUM PASSENGER VEHICLE,0
UP,2019-11-01,OTHER THAN MENTIONED ABOVE,0
UP,2019-11-01,THREE WHEELER (Invalid Carriage),0
UP,2019-11-01,THREE WHEELER(NT),0
UP,2019-11-01,THREE WHEELER(T),77
UP,2019-11-01,TWO WHEELER (Invalid Carriage),0
UP,2019-11-01,TWO WHEELER(NT),14
UP,2019-11-01,TWO WHEELER(T),0
UP,2019-12-01,FOUR WHEELER (Invalid Carriage),0
UP,2019-12-01,HEAVY GOODS VEHICLE,0
UP,2019-12-01,HEAVY MOTOR VEHICLE,0
UP,2019-12-01,HEAVY PASSENGER VEHICLE,0
UP,2019-12-01,LIGHT GOODS VEHICLE,0
UP,2019-12-01,LIGHT MOTOR VEHICLE,3
UP,2019-12-01,LIGHT PASSENGER VEHICLE,0
UP,2019-12-01,MEDIUM GOODS VEHICLE,0
UP,2019-12-01,MEDIUM MOTOR VEHICLE,0
UP,2019-12-01,MEDIUM PASSENGER VEHICLE,0
UP,2019-12-01,OTHER THAN MENTIONED ABOVE,0
UP,2019-12-01,THREE WHEELER (Invalid Carriage),0
UP,2019-12-01,THREE WHEELER(NT),0
UP,2019-12-01,THREE WHEELER(T),96
UP,2019-12-01,TWO WHEELER (Invalid Carriage),0
UP,2019-12-01,TWO WHEELER(NT),10
UP,2019-12-01,TWO WHEELER(T),0
UP,2020-01-01,FOUR WHEELER (Invalid Carriage),0
UP,2020-01-01,HEAVY GOODS VEHICLE,0
UP,2020-01-01,HEAVY MOTOR VEHICLE,0
UP,2020-01-01,HEAVY PASSENGER VEHICLE,0
UP,2020-01-01,LIGHT GOODS VEHICLE,0
UP,2020-01-01,LIGHT MOTOR VEHICLE,1
UP,2020-01-01,LIGHT PASSENGER VEHICLE,0
UP,2020-01-01,MEDIUM GOODS VEHICLE,0
UP,2020-01-01,MEDIUM MOTOR VEHICLE,0
UP,2020-01-01,MEDIUM PASSENGER VEHICLE,0
UP,2020-01-01,OTHER THAN MENTIONED ABOVE,0
UP,2020-01-01,THREE WHEELER (Invalid Carriage),0
UP,2020-01-01,THREE WHEELER(NT),0
UP,2020-01-01,THREE WHEELER(T),85
UP,2020-01-01,TWO WHEELER (Invalid Carriage),0
UP,2020-01-01,TWO WHEELER(NT),5
UP,2020-01-01,TWO WHEELER(T),0
UP,2020-02-01,FOUR WHEELER (Invalid Carriage),0
UP,2020-02-01,HEAVY GOODS VEHICLE,0
UP,2020-02-01,HEAVY MOTOR VEHICLE,0
UP,2020-02-01,HEAVY PASSENGER VEHICLE,0
UP,2020-02-01,LIGHT GOODS VEHICLE,0
UP,2020-02-01,LIGHT MOTOR VEHICLE,3
UP,2020-02-01,LIGHT PASSENGER VEHICLE,0
UP,2020-02-01,MEDIUM GOODS VEHICLE,0
UP,2020-02-01,MEDIUM MOTOR VEHICLE,0
UP,2020-02-01,MEDIUM PASSENGER VEHICLE,0
UP,2020-02-01,OTHER THAN MENTIONED ABOVE,0
UP,2020-02-01,THREE WHEELER (Invalid Carriage),0
UP,2020-02-01,THREE WHEELER(NT),0
UP,2020-02-01,THREE WHEELER(T),74
UP,2020-02-01,TWO WHEELER (Invalid Carriage),0
UP,2020-02-01,TWO WHEELER(NT),7
UP,2020-02-01,TWO WHEELER(T),0
UP,2020-03-01,FOUR WHEELER (Invalid Carriage),0
UP,2020-03-01,HEAVY GOODS VEHICLE,0
UP,2020-03-01,HEAVY MOTOR VEHICLE,0
UP,2020-03-01,HEAVY PASSENGER VEHICLE,0
UP,2020-03-01,LIGHT GOODS VEHICLE,0
UP,2020-03-01,LIGHT MOTOR VEHICLE,27
UP,2020-03-01,LIGHT PASSENGER VEHICLE,0
UP,2020-03-01,MEDIUM GOODS VEHICLE,0
UP,2020-03-01,MEDIUM MOTOR VEHICLE,0
UP,2020-03-01,MEDIUM PASSENGER VEHICLE,0
UP,2020-03-01,OTHER THAN MENTIONED ABOVE,0
UP,2020-03-01,THREE WHEELER (Invalid Carriage),0
UP,2020-03-01,THREE WHEELER(NT),0
UP,2020-03-01,THREE WHEELER(T),58
UP,2020-03-01,TWO WHEELER (Invalid Carriage),0
UP,2020-03-01,TWO WHEELER(NT),4
UP,2020-03-01,TWO WHEELER(T),0
UP,2020-04-01,FOUR WHEELER (Invalid Carriage),0
UP,2020-04-01,HEAVY GOODS VEHICLE,0
UP,2020-04-01,HEAVY MOTOR VEHICLE,0
UP,2020-04-01,HEAVY PASSENGER VEHICLE,0
UP,2020-04-01,LIGHT GOODS VEHICLE,0
UP,2020-04-01,LIGHT MOTOR VEHICLE,1
UP,2020-04-01,LIGHT PASSENGER VEHICLE,0
UP,2020-04-01,MEDIUM GOODS VEHICLE,0
UP,2020-04-01,MEDIUM MOTOR VEHICLE,0
UP,2020-04-01,MEDIUM PASSENGER VEHICLE,0
UP,2020-04-01,OTHER THAN MENTIONED ABOVE,0
UP,2020-04-01,THREE WHEELER (Invalid Carriage),0
UP,2020-04-01,THREE WHEELER(NT),0
UP,2020-04-01,THREE WHEELER(T),3
UP,2020-04-01,TWO WHEELER (Invalid Carriage),0
UP,2020-04-01,TWO WHEELER(NT),2
UP,2020-04-01,TWO WHEELER(T),0
UP,2020-05-01,FOUR WHEELER (Invalid Carriage),0
UP,2020-05-01,HEAVY GOODS VEHICLE,0
UP,2020-05-01,HEAVY MOTOR VEHICLE,0
UP,2020-05-01,HEAVY PASSENGER VEHICLE,0
UP,2020-05-01,LIGHT GOODS VEHICLE,0
UP,2020-05-01,LIGHT MOTOR VEHICLE,3
UP,2020-05-01,LIGHT PASSENGER VEHICLE,0
UP,2020-05-01,MEDIUM GOODS VEHICLE,0
UP,2020-05-01,MEDIUM MOTOR VEHICLE,0
UP,2020-05-01,MEDIUM PASSENGER VEHICLE,0
UP,2020-05-01,OTHER THAN MENTIONED ABOVE,0
UP,2020-05-01,THREE WHEELER (Invalid Carriage),0
UP,2020-05-01,THREE WHEELER(NT),0
UP,2020-05-01,THREE WHEELER(T),4
UP,2020-05-01,TWO WHEELER (Invalid Carriage),0
UP,2020-05-01,TWO WHEELER(NT),1
UP,2020-05-01,TWO WHEELER(T),0
UP,2020-06-01,FOUR WHEELER (Invalid Carriage),0
UP,2020-06-01,HEAVY GOODS VEHICLE,0
UP,2020-06-01,HEAVY MOTOR VEHICLE,0
UP,2020-06-01,HEAVY PASSENGER VEHICLE,0
UP,2020-06-01,LIGHT GOODS VEHICLE,0
UP,2020-06-01,LIGHT MOTOR VEHICLE,14
UP,2020-06-01,LIGHT PASSENGER VEHICLE,0
UP,2020-06-01,MEDIUM GOODS VEHICLE,0
UP,2020-06-01,MEDIUM MOTOR VEHICLE,0
UP,2020-06-01,MEDIUM PASSENGER VEHICLE,0
UP,2020-06-01,OTHER THAN MENTIONED ABOVE,0
UP,2020-06-01,THREE WHEELER (Invalid Carriage),0
UP,2020-06-01,THREE WHEELER(NT),0
UP,2020-06-01,THREE WHEELER(T),31
UP,2020-06-01,TWO WHEELER (Invalid Carriage),0
UP,2020-06-01,TWO WHEELER(NT),6
UP,2020-06-01,TWO WHEELER(T),0
UP,2020-07-01,FOUR WHEELER (Invalid Carriage),0
UP,2020-07-01,HEAVY GOODS VEHICLE,0
UP,2020-07-01,HEAVY MOTOR VEHICLE,0
UP,2020-07-01,HEAVY PASSENGER VEHICLE,0
UP,2020-07-01,LIGHT GOODS VEHICLE,0
UP,2020-07-01,LIGHT MOTOR VEHICLE,22
UP,2020-07-01,LIGHT PASSENGER VEHICLE,0
UP,2020-07-01,MEDIUM GOODS VEHICLE,0
UP,2020-07-01,MEDIUM MOTOR VEHICLE,0
UP,2020-07-01,MEDIUM PASSENGER VEHICLE,0
UP,2020-07-01,OTHER THAN MENTIONED ABOVE,0
UP,2020-07-01,THREE WHEELER (Invalid Carriage),0
UP,2020-07-01,THREE WHEELER(NT),0
UP,2020-07-01,THREE WHEELER(T),28
UP,2020-07-01,TWO WHEELER (Invalid Carriage),0
UP,2020-07-01,TWO WHEELER(NT),7
UP,2020-07-01,TWO WHEELER(T),0
UP,2020-08-01,FOUR WHEELER (Invalid Carriage),0
UP,2020-08-01,HEAVY GOODS VEHICLE,0
UP,2020-08-01,HEAVY MOTOR VEHICLE,0
UP,2020-08-01,HEAVY PASSENGER VEHICLE,0
UP,2020-08-01,LIGHT GOODS VEHICLE,0
UP,2020-08-01,LIGHT MOTOR VEHICLE,15
UP,2020-08-01,LIGHT PASSENGER VEHICLE,0
UP,2020-08-01,MEDIUM GOODS VEHICLE,0
UP,2020-08-01,MEDIUM MOTOR VEHICLE,0
UP,2020-08-01,MEDIUM PASSENGER VEHICLE,0
UP,2020-08-01,OTHER THAN MENTIONED ABOVE,0
UP,2020-08-01,THREE WHEELER (Invalid Carriage),0
UP,2020-08-01,THREE WHEELER(NT),0
UP,2020-08-01,THREE WHEELER(T),44
UP,2020-08-01,TWO WHEELER (Invalid Carriage),0
UP,2020-08-01,TWO WHEELER(NT),4
UP,2020-08-01,TWO WHEELER(T),0
UP,2020-09-01,FOUR WHEELER (Invalid Carriage),0
UP,2020-09-01,HEAVY GOODS VEHICLE,0
UP,2020-09-01,HEAVY MOTOR VEHICLE,0
UP,2020-09-01,HEAVY PASSENGER VEHICLE,0
UP,2020-09-01,LIGHT GOODS VEHICLE,0
UP,2020-09-01,LIGHT MOTOR VEHICLE,9
UP,2020-09-01,LIGHT PASSENGER VEHICLE,0
UP,2020-09-01,MEDIUM GOODS VEHICLE,0
UP,2020-09-01,MEDIUM MOTOR VEHICLE,0
UP,2020-09-01,MEDIUM PASSENGER VEHICLE,0
UP,2020-09-01,OTHER THAN MENTIONED ABOVE,0
UP,2020-09-01,THREE WHEELER (Invalid Carriage),0
UP,2020-09-01,THREE WHEELER(NT),0
UP,2020-09-01,THREE WHEELER(T),55
UP,2020-09-01,TWO WHEELER (Invalid Carriage),0
UP,2020-09-01,TWO WHEELER(NT),8
UP,2020-09-01,TWO WHEELER(T),0
UP,2020-10-01,FOUR WHEELER (Invalid Carriage),0
UP,2020-10-01,HEAVY GOODS VEHICLE,0
UP,2020-10-01,HEAVY MOTOR VEHICLE,0
UP,2020-10-01,HEAVY PASSENGER VEHICLE,0
UP,2020-10-01,LIGHT GOODS VEHICLE,0
UP,2020-10-01,LIGHT MOTOR VEHICLE,8
UP,2020-10-01,LIGHT PASSENGER VEHICLE,0
UP,2020-10-01,MEDIUM GOODS VEHICLE,0
UP,2020-10-01,MEDIUM MOTOR VEHICLE,0
UP,2020-10-01,MEDIUM PASSENGER VEHICLE,0
UP,2020-10-01,OTHER THAN MENTIONED ABOVE,0
UP,2020-10-01,THREE WHEELER (Invalid Carriage),0
UP,2020-10-01,THREE WHEELER(NT),0
UP,2020-10-01,THREE WHEELER(T),74
UP,2020-10-01,TWO WHEELER (Invalid Carriage),0
UP,2020-10-01,TWO WHEELER(NT),4
UP,2020-10-01,TWO WHEELER(T),0
UP,2020-11-01,FOUR WHEELER (Invalid Carriage),0
UP,2020-11-01,HEAVY GOODS VEHICLE,0
UP,2020-11-01,HEAVY MOTOR VEHICLE,0
UP,2020-11-01,HEAVY PASSENGER VEHICLE,0
UP,2020-11-01,LIGHT GOODS VEHICLE,0
UP,2020-11-01,LIGHT MOTOR VEHICLE,8
UP,2020-11-01,LIGHT PASSENGER VEHICLE,0
UP,2020-11-01,MEDIUM GOODS VEHICLE,0
UP,2020-11-01,MEDIUM MOTOR VEHICLE,0
UP,2020-11-01,MEDIUM PASSENGER VEHICLE,0
UP,2020-11-01,OTHER THAN MENTIONED ABOVE,0
UP,2020-11-01,THREE WHEELER (Invalid Carriage),0
UP,2020-11-01,THREE WHEELER(NT),0
UP,2020-11-01,THREE WHEELER(T),95
UP,2020-11-01,TWO WHEELER (Invalid Carriage),0
UP,2020-11-01,TWO WHEELER(NT),3
UP,2020-11-01,TWO WHEELER(T),0
UP,2020-12-01,FOUR WHEELER (Invalid Carriage),0
UP,2020-12-01,HEAVY GOODS VEHICLE,0
UP,2020-12-01,HEAVY MOTOR VEHICLE,0
UP,2020-12-01,HEAVY PASSENGER VEHICLE,0
UP,2020-12-01,LIGHT GOODS VEHICLE,0
UP,2020-12-01,LIGHT MOTOR VEHICLE,2
UP,2020-12-01,LIGHT PASSENGER VEHICLE,0
UP,2020-12-01,MEDIUM GOODS VEHICLE,0
UP,2020-12-01,MEDIUM MOTOR VEHICLE,0
UP,2020-12-01,MEDIUM PASSENGER VEHICLE,0
UP,2020-12-01,OTHER THAN MENTIONED ABOVE,0
UP,2020-12-01,THREE WHEELER (Invalid Carriage),0
UP,2020-12-01,THREE WHEELER(NT),0
UP,2020-12-01,THREE WHEELER(T),93
UP,2020-12-01,TWO WHEELER (Invalid Carriage),0
UP,2020-12-01,TWO WHEELER(NT),11
UP,2020-12-01,TWO WHEELER(T),0
UP,2021-01-01,FOUR WHEELER (Invalid Carriage),0
UP,2021-01-01,HEAVY GOODS VEHICLE,0
UP,2021-01-01,HEAVY MOTOR VEHICLE,0
UP,2021-01-01,HEAVY PASSENGER VEHICLE,0
UP,2021-01-01,LIGHT GOODS VEHICLE,0
UP,2021-01-01,LIGHT MOTOR VEHICLE,4
UP,2021-01-01,LIGHT PASSENGER VEHICLE,0
UP,2021-01-01,MEDIUM GOODS VEHICLE,0
UP,2021-01-01,MEDIUM MOTOR VEHICLE,0
UP,2021-01-01,MEDIUM PASSENGER VEHICLE,0
UP,2021-01-01,OTHER THAN MENTIONED ABOVE,0
UP,2021-01-01,THREE WHEELER (Invalid Carriage),0
UP,2021-01-01,THREE WHEELER(NT),0
UP,2021-01-01,THREE WHEELER(T),115
UP,2021-01-01,TWO WHEELER (Invalid Carriage),0
UP,2021-01-01,TWO WHEELER(NT),11
UP,2021-01-01,TWO WHEELER(T),0
UP,2021-02-01,FOUR WHEELER (Invalid Carriage),0
UP,2021-02-01,HEAVY GOODS VEHICLE,0
UP,2021-02-01,HEAVY MOTOR VEHICLE,0
UP,2021-02-01,HEAVY PASSENGER VEHICLE,0
UP,2021-02-01,LIGHT GOODS VEHICLE,0
UP,2021-02-01,LIGHT MOTOR VEHICLE,2
UP,2021-02-01,LIGHT PASSENGER VEHICLE,0
UP,2021-02-01,MEDIUM GOODS VEHICLE,0
UP,2021-02-01,MEDIUM MOTOR VEHICLE,0
UP,2021-02-01,MEDIUM PASSENGER VEHICLE,0
UP,2021-02-01,OTHER THAN MENTIONED ABOVE,0
UP,2021-02-01,THREE WHEELER (Invalid Carriage),0
UP,2021-02-01,THREE WHEELER(NT),0
UP,2021-02-01,THREE WHEELER(T),137
UP,2021-02-01,TWO WHEELER (Invalid Carriage),0
UP,2021-02-01,TWO WHEELER(NT),9
UP,2021-02-01,TWO WHEELER(T),0
UP,2021-03-01,FOUR WHEELER (Invalid Carriage),0
UP,2021-03-01,HEAVY GOODS VEHICLE,0
UP,2021-03-01,HEAVY MOTOR VEHICLE,0
UP,2021-03-01,HEAVY PASSENGER VEHICLE,0
UP,2021-03-01,LIGHT GOODS VEHICLE,0
UP,2021-03-01,LIGHT MOTOR VEHICLE,5
UP,2021-03-01,LIGHT PASSENGER VEHICLE,0
UP,2021-03-01,MEDIUM GOODS VEHICLE,0
UP,2021-03-01,MEDIUM MOTOR VEHICLE,0
UP,2021-03-01,MEDIUM PASSENGER VEHICLE,0
UP,2021-03-01,OTHER THAN MENTIONED ABOVE,0
UP,2021-03-01,THREE WHEELER (Invalid Carriage),0
UP,2021-03-01,THREE WHEELER(NT),0
UP,2021-03-01,THREE WHEELER(T),144
UP,2021-03-01,TWO WHEELER (Invalid Carriage),0
UP,2021-03-01,TWO WHEELER(NT),20
UP,2021-03-01,TWO WHEELER(T),0
UP,2021-04-01,FOUR WHEELER (Invalid Carriage),0
UP,2021-04-01,HEAVY GOODS VEHICLE,0
UP,2021-04-01,HEAVY MOTOR VEHICLE,0
UP,2021-04-01,HEAVY PASSENGER VEHICLE,0
UP,2021-04-01,LIGHT GOODS VEHICLE,0
UP,2021-04-01,LIGHT MOTOR VEHICLE,4
UP,2021-04-01,LIGHT PASSENGER VEHICLE,0
UP,2021-04-01,MEDIUM GOODS VEHICLE,0
UP,2021-04-01,MEDIUM MOTOR VEHICLE,0
UP,2021-04-01,MEDIUM PASSENGER VEHICLE,0
UP,2021-04-01,OTHER THAN MENTIONED ABOVE,0
UP,2021-04-01,THREE WHEELER (Invalid Carriage),0
UP,2021-04-01,THREE WHEELER(NT),0
UP,2021-04-01,THREE WHEELER(T),82
UP,2021-04-01,TWO WHEELER (Invalid Carriage),0
UP,2021-04-01,TWO WHEELER(NT),15
UP,2021-04-01,TWO WHEELER(T),0
UP,2021-05-01,FOUR WHEELER (Invalid Carriage),0
UP,2021-05-01,HEAVY GOODS VEHICLE,0
UP,2021-05-01,HEAVY MOTOR VEHICLE,0
UP,2021-05-01,HEAVY PASSENGER VEHICLE,0
UP,2021-05-01,LIGHT GOODS VEHICLE,1
UP,2021-05-01,LIGHT MOTOR VEHICLE,2
UP,2021-05-01,LIGHT PASSENGER VEHICLE,0
UP,2021-05-01,MEDIUM GOODS VEHICLE,0
UP,2021-05-01,MEDIUM MOTOR VEHICLE,0
UP,2021-05-01,MEDIUM PASSENGER VEHICLE,0
UP,2021-05-01,OTHER THAN MENTIONED ABOVE,0
UP,2021-05-01,THREE WHEELER (Invalid Carriage),0
UP,2021-05-01,THREE WHEELER(NT),0
UP,2021-05-01,THREE WHEELER(T),19
UP,2021-05-01,TWO WHEELER (Invalid Carriage),0
UP,2021-05-01,TWO WHEELER(NT),1
UP,2021-05-01,TWO WHEELER(T),0
UP,2021-06-01,FOUR WHEELER (Invalid Carriage),0
UP,2021-06-01,HEAVY GOODS VEHICLE,0
UP,2021-06-01,HEAVY MOTOR VEHICLE,0
UP,2021-06-01,HEAVY PASSENGER VEHICLE,0
UP,2021-06-01,LIGHT GOODS VEHICLE,0
UP,2021-06-01,LIGHT MOTOR VEHICLE,3
UP,2021-06-01,LIGHT PASSENGER VEHICLE,0
UP,2021-06-01,MEDIUM GOODS VEHICLE,0
UP,2021-06-01,MEDIUM MOTOR VEHICLE,0
UP,2021-06-01,MEDIUM PASSENGER VEHICLE,0
UP,2021-06-01,OTHER THAN MENTIONED ABOVE,0
UP,2021-06-01,THREE WHEELER (Invalid Carriage),0
UP,2021-06-01,THREE WHEELER(NT),0
UP,2021-06-01,THREE WHEELER(T),96
UP,2021-06-01,TWO WHEELER (Invalid Carriage),0
UP,2021-06-01,TWO WHEELER(NT),6
UP,2021-06-01,TWO WHEELER(T),0
UP,2021-07-01,FOUR WHEELER (Invalid Carriage),0
UP,2021-07-01,HEAVY GOODS VEHICLE,0
UP,2021-07-01,HEAVY MOTOR VEHICLE,0
UP,2021-07-01,HEAVY PASSENGER VEHICLE,0
UP,2021-07-01,LIGHT GOODS VEHICLE,0
UP,2021-07-01,LIGHT MOTOR VEHICLE,3
UP,2021-07-01,LIGHT PASSENGER VEHICLE,0
UP,2021-07-01,MEDIUM GOODS VEHICLE,0
UP,2021-07-01,MEDIUM MOTOR VEHICLE,0
UP,2021-07-01,MEDIUM PASSENGER VEHICLE,0
UP,2021-07-01,OTHER THAN MENTIONED ABOVE,0
UP,2021-07-01,THREE WHEELER (Invalid Carriage),0
UP,2021-07-01,THREE WHEELER(NT),0
UP,2021-07-01,THREE WHEELER(T),158
UP,2021-07-01,TWO WHEELER (Invalid Carriage),0
UP,2021-07-01,TWO WHEELER(NT),24
UP,2021-07-01,TWO WHEELER(T),0
UP,2021-08-01,FOUR WHEELER (Invalid Carriage),0
UP,2021-08-01,HEAVY GOODS VEHICLE,0
UP,2021-08-01,HEAVY MOTOR VEHICLE,0
UP,2021-08-01,HEAVY PASSENGER VEHICLE,0
UP,2021-08-01,LIGHT GOODS VEHICLE,0
UP,2021-08-01,LIGHT MOTOR VEHICLE,3
UP,2021-08-01,LIGHT PASSENGER VEHICLE,0
UP,2021-08-01,MEDIUM GOODS VEHICLE,0
UP,2021-08-01,MEDIUM MOTOR VEHICLE,0
UP,2021-08-01,MEDIUM PASSENGER VEHICLE,0
UP,2021-08-01,OTHER THAN MENTIONED ABOVE,0
UP,2021-08-01,THREE WHEELER (Invalid Carriage),0
UP,2021-08-01,THREE WHEELER(NT),0
UP,2021-08-01,THREE WHEELER(T),182
UP,2021-08-01,TWO WHEELER (Invalid Carriage),0
UP,2021-08-01,TWO WHEELER(NT),33
UP,2021-08-01,TWO WHEELER(T),0
UP,2021-09-01,FOUR WHEELER (Invalid Carriage),0
UP,2021-09-01,HEAVY GOODS VEHICLE,0
UP,2021-09-01,HEAVY MOTOR VEHICLE,0
UP,2021-09-01,HEAVY PASSENGER VEHICLE,22
UP,2021-09-01,LIGHT GOODS VEHICLE,0
UP,2021-09-01,LIGHT MOTOR VEHICLE,4
UP,2021-09-01,LIGHT PASSENGER VEHICLE,0
UP,2021-09-01,MEDIUM GOODS VEHICLE,0
UP,2021-09-01,MEDIUM MOTOR VEHICLE,0
UP,2021-09-01,MEDIUM PASSENGER VEHICLE,0
UP,2021-09-01,OTHER THAN MENTIONED ABOVE,0
UP,2021-09-01,THREE WHEELER (Invalid Carriage),0
UP,2021-09-01,THREE WHEELER(NT),0
UP,2021-09-01,THREE WHEELER(T),260
UP,2021-09-01,TWO WHEELER (Invalid Carriage),0
UP,2021-09-01,TWO WHEELER(NT),282
UP,2021-09-01,TWO WHEELER(T),0
UP,2021-10-01,FOUR WHEELER (Invalid Carriage),0
UP,2021-10-01,HEAVY GOODS VEHICLE,0
UP,2021-10-01,HEAVY MOTOR VEHICLE,0
UP,2021-10-01,HEAVY PASSENGER VEHICLE,41
UP,2021-10-01,LIGHT GOODS VEHICLE,0
UP,2021-10-01,LIGHT MOTOR VEHICLE,9
UP,2021-10-01,LIGHT PASSENGER VEHICLE,0
UP,2021-10-01,MEDIUM GOODS VEHICLE,0
UP,2021-10-01,MEDIUM MOTOR VEHICLE,0
UP,2021-10-01,MEDIUM PASSENGER VEHICLE,0
UP,2021-10-01,OTHER THAN MENTIONED ABOVE,0
UP,2021-10-01,THREE WHEELER (Invalid Carriage),0
UP,2021-10-01,THREE WHEELER(NT),0
UP,2021-10-01,THREE WHEELER(T),297
UP,2021-10-01,TWO WHEELER (Invalid Carriage),0
UP,2021-10-01,TWO WHEELER(NT),805
UP,2021-10-01,TWO WHEELER(T),0
UP,2021-11-01,FOUR WHEELER (Invalid Carriage),0
UP,2021-11-01,HEAVY GOODS VEHICLE,0
UP,2021-11-01,HEAVY MOTOR VEHICLE,0
UP,2021-11-01,HEAVY PASSENGER VEHICLE,20
UP,2021-11-01,LIGHT GOODS VEHICLE,0
UP,2021-11-01,LIGHT MOTOR VEHICLE,7
UP,2021-11-01,LIGHT PASSENGER VEHICLE,0
UP,2021-11-01,MEDIUM GOODS VEHICLE,0
UP,2021-11-01,MEDIUM MOTOR VEHICLE,0
UP,2021-11-01,MEDIUM PASSENGER VEHICLE,0
UP,2021-11-01,OTHER THAN MENTIONED ABOVE,0
UP,2021-11-01,THREE WHEELER (Invalid Carriage),0
UP,2021-11-01,THREE WHEELER(NT),0
UP,2021-11-01,THREE WHEELER(T),282
UP,2021-11-01,TWO WHEELER (Invalid Carriage),0
UP,2021-11-01,TWO WHEELER(NT),1296
UP,2021-11-01,TWO WHEELER(T),0
UP,2021-12-01,FOUR WHEELER (Invalid Carriage),0
UP,2021-12-01,HEAVY GOODS VEHICLE,0
UP,2021-12-01,HEAVY MOTOR VEHICLE,0
UP,2021-12-01,HEAVY PASSENGER VEHICLE,98
UP,2021-12-01,LIGHT GOODS VEHICLE,0
UP,2021-12-01,LIGHT MOTOR VEHICLE,21
UP,2021-12-01,LIGHT PASSENGER VEHICLE,0
UP,2021-12-01,MEDIUM GOODS VEHICLE,0
UP,2021-12-01,MEDIUM MOTOR VEHICLE,0
UP,2021-12-01,MEDIUM PASSENGER VEHICLE,0
UP,2021-12-01,OTHER THAN MENTIONED ABOVE,0
UP,2021-12-01,THREE WHEELER (Invalid Carriage),0
UP,2021-12-01,THREE WHEELER(NT),0
UP,2021-12-01,THREE WHEELER(T),381
UP,2021-12-01,TWO WHEELER (Invalid Carriage),0
UP,2021-12-01,TWO WHEELER(NT),1357
UP,2021-12-01,TWO WHEELER(T),0
UP,2022-01-01,FOUR WHEELER (Invalid Carriage),0
UP,2022-01-01,HEAVY GOODS VEHICLE,0
UP,2022-01-01,HEAVY MOTOR VEHICLE,0
UP,2022-01-01,HEAVY PASSENGER VEHICLE,74
UP,2022-01-01,LIGHT GOODS VEHICLE,0
UP,2022-01-01,LIGHT MOTOR VEHICLE,15
UP,2022-01-01,LIGHT PASSENGER VEHICLE,0
UP,2022-01-01,MEDIUM GOODS VEHICLE,0
UP,2022-01-01,MEDIUM MOTOR VEHICLE,0
UP,2022-01-01,MEDIUM PASSENGER VEHICLE,0
UP,2022-01-01,OTHER THAN MENTIONED ABOVE,0
UP,2022-01-01,THREE WHEELER (Invalid Carriage),0
UP,2022-01-01,THREE WHEELER(NT),0
UP,2022-01-01,THREE WHEELER(T),332
UP,2022-01-01,TWO WHEELER (Invalid Carriage),0
UP,2022-01-01,TWO WHEELER(NT),1308
UP,2022-01-01,TWO WHEELER(T),0
UP,2022-02-01,FOUR WHEELER (Invalid Carriage),0
UP,2022-02-01,HEAVY GOODS VEHICLE,0
UP,2022-02-01,HEAVY MOTOR VEHICLE,0
UP,2022-02-01,HEAVY PASSENGER VEHICLE,39
UP,2022-02-01,LIGHT GOODS VEHICLE,0
UP,2022-02-01,LIGHT MOTOR VEHICLE,22
UP,2022-02-01,LIGHT PASSENGER VEHICLE,0
UP,2022-02-01,MEDIUM GOODS VEHICLE,0
UP,2022-02-01,MEDIUM MOTOR VEHICLE,0
UP,2022-02-01,MEDIUM PASSENGER VEHICLE,0
UP,2022-02-01,OTHER THAN MENTIONED ABOVE,0
UP,2022-02-01,THREE WHEELER (Invalid Carriage),0
UP,2022-02-01,THREE WHEELER(NT),0
UP,2022-02-01,THREE WHEELER(T),265
UP,2022-02-01,TWO WHEELER (Invalid Carriage),0
UP,2022-02-01,TWO WHEELER(NT),1192
UP,2022-02-01,TWO WHEELER(T),0
UP,2022-03-01,FOUR WHEELER (Invalid Carriage),0
UP,2022-03-01,HEAVY GOODS VEHICLE,0
UP,2022-03-01,HEAVY MOTOR VEHICLE,0
UP,2022-03-01,HEAVY PASSENGER VEHICLE,9
UP,2022-03-01,LIGHT GOODS VEHICLE,0
UP,2022-03-01,LIGHT MOTOR VEHICLE,16
UP,2022-03-01,LIGHT PASSENGER VEHICLE,0
UP,2022-03-01,MEDIUM GOODS VEHICLE,0
UP,2022-03-01,MEDIUM MOTOR VEHICLE,0
UP,2022-03-01,MEDIUM PASSENGER VEHICLE,0
UP,2022-03-01,OTHER THAN MENTIONED ABOVE,0
UP,2022-03-01,THREE WHEELER (Invalid Carriage),0
UP,2022-03-01,THREE WHEELER(NT),0
UP,2022-03-01,THREE WHEELER(T),411
UP,2022-03-01,TWO WHEELER (Invalid Carriage),0
UP,2022-03-01,TWO WHEELER(NT),1981
UP,2022-03-01,TWO WHEELER(T),0
UP,2022-04-01,FOUR WHEELER (Invalid Carriage),0
UP,2022-04-01,HEAVY GOODS VEHICLE,0
UP,2022-04-01,HEAVY MOTOR VEHICLE,0
UP,2022-04-01,HEAVY PASSENGER VEHICLE,36
UP,2022-04-01,LIGHT GOODS VEHICLE,0
UP,2022-04-01,LIGHT MOTOR VEHICLE,14
UP,2022-04-01,LIGHT PASSENGER VEHICLE,0
UP,2022-04-01,MEDIUM GOODS VEHICLE,0
UP,2022-04-01,MEDIUM MOTOR VEHICLE,0
UP,2022-04-01,MEDIUM PASSENGER VEHICLE,0
UP,2022-04-01,OTHER THAN MENTIONED ABOVE,0
UP,2022-04-01,THREE WHEELER (Invalid Carriage),0
UP,2022-04-01,THREE WHEELER(NT),0
UP,2022-04-01,THREE WHEELER(T),424
UP,2022-04-01,TWO WHEELER (Invalid Carriage),0
UP,2022-04-01,TWO WHEELER(NT),2377
UP,2022-04-01,TWO WHEELER(T),4
UP,2022-05-01,FOUR WHEELER (Invalid Carriage),0
UP,2022-05-01,HEAVY GOODS VEHICLE,0
UP,2022-05-01,HEAVY MOTOR VEHICLE,0
UP,2022-05-01,HEAVY PASSENGER VEHICLE,23
UP,2022-05-01,LIGHT GOODS VEHICLE,0
UP,2022-05-01,LIGHT MOTOR VEHICLE,18
UP,2022-05-01,LIGHT PASSENGER VEHICLE,0
UP,2022-05-01,MEDIUM GOODS VEHICLE,0
UP,2022-05-01,MEDIUM MOTOR VEHICLE,0
UP,2022-05-01,MEDIUM PASSENGER VEHICLE,0
UP,2022-05-01,OTHER THAN MENTIONED ABOVE,0
UP,2022-05-01,THREE WHEELER (Invalid Carriage),0
UP,2022-05-01,THREE WHEELER(NT),0
UP,2022-05-01,THREE WHEELER(T),452
UP,2022-05-01,TWO WHEELER (Invalid Carriage),0
UP,2022-05-01,TWO WHEELER(NT),1694
UP,2022-05-01,TWO WHEELER(T),0
UP,2022-06-01,FOUR WHEELER (Invalid Carriage),0
UP,2022-06-01,HEAVY GOODS VEHICLE,0
UP,2022-06-01,HEAVY MOTOR VEHICLE,0
UP,2022-06-01,HEAVY PASSENGER VEHICLE,32
UP,2022-06-01,LIGHT GOODS VEHICLE,0
UP,2022-06-01,LIGHT MOTOR VEHICLE,10
UP,2022-06-01,LIGHT PASSENGER VEHICLE,0
UP,2022-06-01,MEDIUM GOODS VEHICLE,0
UP,2022-06-01,MEDIUM MOTOR VEHICLE,0
UP,2022-06-01,MEDIUM PASSENGER VEHICLE,0
UP,2022-06-01,OTHER THAN MENTIONED ABOVE,0
UP,2022-06-01,THREE WHEELER (Invalid Carriage),0
UP,2022-06-01,THREE WHEELER(NT),0
UP,2022-06-01,THREE WHEELER(T),478
UP,2022-06-01,TWO WHEELER (Invalid Carriage),0
UP,2022-06-01,TWO WHEELER(NT),1358
UP,2022-06-01,TWO WHEELER(T),0
UP,2022-07-01,FOUR WHEELER (Invalid Carriage),0
UP,2022-07-01,HEAVY GOODS VEHICLE,0
UP,2022-07-01,HEAVY MOTOR VEHICLE,0
UP,2022-07-01,HEAVY PASSENGER VEHICLE,24
UP,2022-07-01,LIGHT GOODS VEHICLE,0
UP,2022-07-01,LIGHT MOTOR VEHICLE,17
UP,2022-07-01,LIGHT PASSENGER VEHICLE,0
UP,2022-07-01,MEDIUM GOODS VEHICLE,0
UP,2022-07-01,MEDIUM MOTOR VEHICLE,0
UP,2022-07-01,MEDIUM PASSENGER VEHICLE,0
UP,2022-07-01,OTHER THAN MENTIONED ABOVE,0
UP,2022-07-01,THREE WHEELER (Invalid Carriage),0
UP,2022-07-01,THREE WHEELER(NT),0
UP,2022-07-01,THREE WHEELER(T),559
UP,2022-07-01,TWO WHEELER (Invalid Carriage),1
UP,2022-07-01,TWO WHEELER(NT),1825
UP,2022-07-01,TWO WHEELER(T),0
UP,2022-08-01,FOUR WHEELER (Invalid Carriage),0
UP,2022-08-01,HEAVY GOODS VEHICLE,0
UP,2022-08-01,HEAVY MOTOR VEHICLE,0
UP,2022-08-01,HEAVY PASSENGER VEHICLE,48
UP,2022-08-01,LIGHT GOODS VEHICLE,0
UP,2022-08-01,LIGHT MOTOR VEHICLE,13
UP,2022-08-01,LIGHT PASSENGER VEHICLE,0
UP,2022-08-01,MEDIUM GOODS VEHICLE,0
UP,2022-08-01,MEDIUM MOTOR VEHICLE,0
UP,2022-08-01,MEDIUM PASSENGER VEHICLE,0
UP,2022-08-01,OTHER THAN MENTIONED ABOVE,0
UP,2022-08-01,THREE WHEELER (Invalid Carriage),0
UP,2022-08-01,THREE WHEELER(NT),0
UP,2022-08-01,THREE WHEELER(T),693
UP,2022-08-01,TWO WHEELER (Invalid Carriage),0
UP,2022-08-01,TWO WHEELER(NT),1916
UP,2022-08-01,TWO WHEELER(T),0
UP,2022-09-01,FOUR WHEELER (Invalid Carriage),0
UP,2022-09-01,HEAVY GOODS VEHICLE,0
UP,2022-09-01,HEAVY MOTOR VEHICLE,0
UP,2022-09-01,HEAVY PASSENGER VEHICLE,43
UP,2022-09-01,LIGHT GOODS VEHICLE,0
UP,2022-09-01,LIGHT MOTOR VEHICLE,18
UP,2022-09-01,LIGHT PASSENGER VEHICLE,2
UP,2022-09-01,MEDIUM GOODS VEHICLE,0
UP,2022-09-01,MEDIUM MOTOR VEHICLE,0
UP,2022-09-01,MEDIUM PASSENGER VEHICLE,0
UP,2022-09-01,OTHER THAN MENTIONED ABOVE,0
UP,2022-09-01,THREE WHEELER (Invalid Carriage),0
UP,2022-09-01,THREE WHEELER(NT),0
UP,2022-09-01,THREE WHEELER(T),724
UP,2022-09-01,TWO WHEELER (Invalid Carriage),0
UP,2022-09-01,TWO WHEELER(NT),1781
UP,2022-09-01,TWO WHEELER(T),0
UP,2022-10-01,FOUR WHEELER (Invalid Carriage),0
UP,2022-10-01,HEAVY GOODS VEHICLE,0
UP,2022-10-01,HEAVY MOTOR VEHICLE,0
UP,2022-10-01,HEAVY PASSENGER VEHICLE,68
UP,2022-10-01,LIGHT GOODS VEHICLE,0
UP,2022-10-01,LIGHT MOTOR VEHICLE,20
UP,2022-10-01,LIGHT PASSENGER VEHICLE,0
UP,2022-10-01,MEDIUM GOODS VEHICLE,0
UP,2022-10-01,MEDIUM MOTOR VEHICLE,0
UP,2022-10-01,MEDIUM PASSENGER VEHICLE,0
UP,2022-10-01,OTHER THAN MENTIONED ABOVE,0
UP,2022-10-01,THREE WHEELER (Invalid Carriage),0
UP,2022-10-01,THREE WHEELER(NT),0
UP,2022-10-01,THREE WHEELER(T),858
UP,2022-10-01,TWO WHEELER (Invalid Carriage),0
UP,2022-10-01,TWO WHEELER(NT),2999
UP,2022-10-01,TWO WHEELER(T),0
UP,2022-11-01,FOUR WHEELER (Invalid Carriage),0
UP,2022-11-01,HEAVY GOODS VEHICLE,0
UP,2022-11-01,HEAVY MOTOR VEHICLE,0
UP,2022-11-01,HEAVY PASSENGER VEHICLE,3
UP,2022-11-01,LIGHT GOODS VEHICLE,0
UP,2022-11-01,LIGHT MOTOR VEHICLE,6
UP,2022-11-01,LIGHT PASSENGER VEHICLE,3
UP,2022-11-01,MEDIUM GOODS VEHICLE,0
UP,2022-11-01,MEDIUM MOTOR VEHICLE,0
UP,2022-11-01,MEDIUM PASSENGER VEHICLE,0
UP,2022-11-01,OTHER THAN MENTIONED ABOVE,0
UP,2022-11-01,THREE WHEELER (Invalid Carriage),0
UP,2022-11-01,THREE WHEELER(NT),0
UP,2022-11-01,THREE WHEELER(T),908
UP,2022-11-01,TWO WHEELER (Invalid Carriage),0
UP,2022-11-01,TWO WHEELER(NT),2736
UP,2022-11-01,TWO WHEELER(T),0
UP,2022-12-01,FOUR WHEELER (Invalid Carriage),0
UP,2022-12-01,HEAVY GOODS VEHICLE,0
UP,2022-12-01,HEAVY MOTOR VEHICLE,0
UP,2022-12-01,HEAVY PASSENGER VEHICLE,25
UP,2022-12-01,LIGHT GOODS VEHICLE,0
UP,2022-12-01,LIGHT MOTOR VEHICLE,7
UP,2022-12-01,LIGHT PASSENGER VEHICLE,4
UP,2022-12-01,MEDIUM GOODS VEHICLE,0
UP,2022-12-01,MEDIUM MOTOR VEHICLE,0
UP,2022-12-01,MEDIUM PASSENGER VEHICLE,0
UP,2022-12-01,OTHER THAN MENTIONED ABOVE,0
UP,2022-12-01,THREE WHEELER (Invalid Carriage),0
UP,2022-12-01,THREE WHEELER(NT),0
UP,2022-12-01,THREE WHEELER(T),636
UP,2022-12-01,TWO WHEELER (Invalid Carriage),0
UP,2022-12-01,TWO WHEELER(NT),2326
UP,2022-12-01,TWO WHEELER(T),0
UP,2023-01-01,FOUR WHEELER (Invalid Carriage),0
UP,2023-01-01,HEAVY GOODS VEHICLE,0
UP,2023-01-01,HEAVY MOTOR VEHICLE,0
UP,2023-01-01,HEAVY PASSENGER VEHICLE,15
UP,2023-01-01,LIGHT GOODS VEHICLE,0
UP,2023-01-01,LIGHT MOTOR VEHICLE,20
UP,2023-01-01,LIGHT PASSENGER VEHICLE,8
UP,2023-01-01,MEDIUM GOODS VEHICLE,0
UP,2023-01-01,MEDIUM MOTOR VEHICLE,0
UP,2023-01-01,MEDIUM PASSENGER VEHICLE,0
UP,2023-01-01,OTHER THAN MENTIONED ABOVE,0
UP,2023-01-01,THREE WHEELER (Invalid Carriage),0
UP,2023-01-01,THREE WHEELER(NT),0
UP,2023-01-01,THREE WHEELER(T),713
UP,2023-01-01,TWO WHEELER (Invalid Carriage),0
UP,2023-01-01,TWO WHEELER(NT),1946
UP,2023-01-01,TWO WHEELER(T),0
UP,2023-02-01,FOUR WHEELER (Invalid Carriage),0
UP,2023-02-01,HEAVY GOODS VEHICLE,0
UP,2023-02-01,HEAVY MOTOR VEHICLE,0
UP,2023-02-01,HEAVY PASSENGER VEHICLE,34
UP,2023-02-01,LIGHT GOODS VEHICLE,2
UP,2023-02-01,LIGHT MOTOR VEHICLE,55
UP,2023-02-01,LIGHT PASSENGER VEHICLE,1
UP,2023-02-01,MEDIUM GOODS VEHICLE,0
UP,2023-02-01,MEDIUM MOTOR VEHICLE,0
UP,2023-02-01,MEDIUM PASSENGER VEHICLE,0
UP,2023-02-01,OTHER THAN MENTIONED ABOVE,0
UP,2023-02-01,THREE WHEELER (Invalid Carriage),0
UP,2023-02-01,THREE WHEELER(NT),0
UP,2023-02-01,THREE WHEELER(T),796
UP,2023-02-01,TWO WHEELER (Invalid Carriage),0
UP,2023-02-01,TWO WHEELER(NT),1964
UP,2023-02-01,TWO WHEELER(T),0
UP,2023-03-01,FOUR WHEELER (Invalid Carriage),0
UP,2023-03-01,HEAVY GOODS VEHICLE,0
UP,2023-03-01,HEAVY MOTOR VEHICLE,0
UP,2023-03-01,HEAVY PASSENGER VEHICLE,1
UP,2023-03-01,LIGHT GOODS VEHICLE,0
UP,2023-03-01,LIGHT MOTOR VEHICLE,389
UP,2023-03-01,LIGHT PASSENGER VEHICLE,10
UP,2023-03-01,MEDIUM GOODS VEHICLE,0
UP,2023-03-01,MEDIUM MOTOR VEHICLE,0
UP,2023-03-01,MEDIUM PASSENGER VEHICLE,0
UP,2023-03-01,OTHER THAN MENTIONED ABOVE,0
UP,2023-03-01,THREE WHEELER (Invalid Carriage),0
UP,2023-03-01,THREE WHEELER(NT),0
UP,2023-03-01,THREE WHEELER(T),1051
UP,2023-03-01,TWO WHEELER (Invalid Carriage),0
UP,2023-03-01,TWO WHEELER(NT),3529
UP,2023-03-01,TWO WHEELER(T),0
UP,2023-04-01,FOUR WHEELER (Invalid Carriage),0
UP,2023-04-01,HEAVY GOODS VEHICLE,0
UP,2023-04-01,HEAVY MOTOR VEHICLE,0
UP,2023-04-01,HEAVY PASSENGER VEHICLE,0
UP,2023-04-01,LIGHT GOODS VEHICLE,0
UP,2023-04-01,LIGHT MOTOR VEHICLE,337
UP,2023-04-01,LIGHT PASSENGER VEHICLE,5
UP,2023-04-01,MEDIUM GOODS VEHICLE,0
UP,2023-04-01,MEDIUM MOTOR VEHICLE,0
UP,2023-04-01,MEDIUM PASSENGER VEHICLE,0
UP,2023-04-01,OTHER THAN MENTIONED ABOVE,0
UP,2023-04-01,THREE WHEELER (Invalid Carriage),0
UP,2023-04-01,THREE WHEELER(NT),0
UP,2023-04-01,THREE WHEELER(T),1122
UP,2023-04-01,TWO WHEELER (Invalid Carriage),0
UP,2023-04-01,TWO WHEELER(NT),3089
UP,2023-04-01,TWO WHEELER(T),0
UP,2023-05-01,FOUR WHEELER (Invalid Carriage),0
UP,2023-05-01,HEAVY GOODS VEHICLE,0
UP,2023-05-01,HEAVY MOTOR VEHICLE,0
UP,2023-05-01,HEAVY PASSENGER VEHICLE,0
UP,2023-05-01,LIGHT GOODS VEHICLE,1
UP,2023-05-01,LIGHT MOTOR VEHICLE,428
UP,2023-05-01,LIGHT PASSENGER VEHICLE,10
UP,2023-05-01,MEDIUM GOODS VEHICLE,0
UP,2023-05-01,MEDIUM MOTOR VEHICLE,0
UP,2023-05-01,MEDIUM PASSENGER VEHICLE,0
UP,2023-05-01,OTHER THAN MENTIONED ABOVE,0
UP,2023-05-01,THREE WHEELER (Invalid Carriage),0
UP,2023-05-01,THREE WHEELER(NT),0
UP,2023-05-01,THREE WHEELER(T),1217
UP,2023-05-01,TWO WHEELER (Invalid Carriage),0
UP,2023-05-01,TWO WHEELER(NT),4719
UP,2023-05-01,TWO WHEELER(T),0
UP,2023-06-01,FOUR WHEELER (Invalid Carriage),0
UP,2023-06-01,HEAVY GOODS VEHICLE,0
UP,2023-06-01,HEAVY MOTOR VEHICLE,0
UP,2023-06-01,HEAVY PASSENGER VEHICLE,0
UP,2023-06-01,LIGHT GOODS VEHICLE,6
UP,2023-06-01,LIGHT MOTOR VEHICLE,370
UP,2023-06-01,LIGHT PASSENGER VEHICLE,0
UP,2023-06-01,MEDIUM GOODS VEHICLE,0
UP,2023-06-01,MEDIUM MOTOR VEHICLE,0
UP,2023-06-01,MEDIUM PASSENGER VEHICLE,0
UP,2023-06-01,OTHER THAN MENTIONED ABOVE,0
UP,2023-06-01,THREE WHEELER (Invalid Carriage),0
UP,2023-06-01,THREE WHEELER(NT),0
UP,2023-06-01,THREE WHEELER(T),1339
UP,2023-06-01,TWO WHEELER (Invalid Carriage),0
UP,2023-06-01,TWO WHEELER(NT),1955
UP,2023-06-01,TWO WHEELER(T),0
UP,2023-07-01,FOUR WHEELER (Invalid Carriage),0
UP,2023-07-01,HEAVY GOODS VEHICLE,0
UP,2023-07-01,HEAVY MOTOR VEHICLE,0
UP,2023-07-01,HEAVY PASSENGER VEHICLE,0
UP,2023-07-01,LIGHT GOODS VEHICLE,5
UP,2023-07-01,LIGHT MOTOR VEHICLE,400
UP,2023-07-01,LIGHT PASSENGER VEHICLE,4
UP,2023-07-01,MEDIUM GOODS VEHICLE,0
UP,2023-07-01,MEDIUM MOTOR VEHICLE,0
UP,2023-07-01,MEDIUM PASSENGER VEHICLE,0
UP,2023-07-01,OTHER THAN MENTIONED ABOVE,0
UP,2023-07-01,THREE WHEELER (Invalid Carriage),0
UP,2023-07-01,THREE WHEELER(NT),0
UP,2023-07-01,THREE WHEELER(T),1562
UP,2023-07-01,TWO WHEELER (Invalid Carriage),0
UP,2023-07-01,TWO WHEELER(NT),2361
UP,2023-07-01,TWO WHEELER(T),0
UP,2023-08-01,FOUR WHEELER (Invalid Carriage),0
UP,2023-08-01,HEAVY GOODS VEHICLE,0
UP,2023-08-01,HEAVY MOTOR VEHICLE,0
UP,2023-08-01,HEAVY PASSENGER VEHICLE,0
UP,2023-08-01,LIGHT GOODS VEHICLE,9
UP,2023-08-01,LIGHT MOTOR VEHICLE,435
UP,2023-08-01,LIGHT PASSENGER VEHICLE,10
UP,2023-08-01,MEDIUM GOODS VEHICLE,0
UP,2023-08-01,MEDIUM MOTOR VEHICLE,0
UP,2023-08-01,MEDIUM PASSENGER VEHICLE,0
UP,2023-08-01,OTHER THAN MENTIONED ABOVE,0
UP,2023-08-01,THREE WHEELER (Invalid Carriage),0
UP,2023-08-01,THREE WHEELER(NT),0
UP,2023-08-01,THREE WHEELER(T),1790
UP,2023-08-01,TWO WHEELER (Invalid Carriage),0
UP,2023-08-01,TWO WHEELER(NT),2736
UP,2023-08-01,TWO WHEELER(T),0
UP,2023-09-01,FOUR WHEELER (Invalid Carriage),0
UP,2023-09-01,HEAVY GOODS VEHICLE,0
UP,2023-09-01,HEAVY MOTOR VEHICLE,0
UP,2023-09-01,HEAVY PASSENGER VEHICLE,0
UP,2023-09-01,LIGHT GOODS VEHICLE,9
UP,2023-09-01,LIGHT MOTOR VEHICLE,486
UP,2023-09-01,LIGHT PASSENGER VEHICLE,7
UP,2023-09-01,MEDIUM GOODS VEHICLE,0
UP,2023-09-01,MEDIUM MOTOR VEHICLE,0
UP,2023-09-01,MEDIUM PASSENGER VEHICLE,0
UP,2023-09-01,OTHER THAN MENTIONED ABOVE,0
UP,2023-09-01,THREE WHEELER (Invalid Carriage),0
UP,2023-09-01,THREE WHEELER(NT),0
UP,2023-09-01,THREE WHEELER(T),2091
UP,2023-09-01,TWO WHEELER (Invalid Carriage),0
UP,2023-09-01,TWO WHEELER(NT),3173
UP,2023-09-01,TWO WHEELER(T),0
UP,2023-10-01,FOUR WHEELER (Invalid Carriage),0
UP,2023-10-01,HEAVY GOODS VEHICLE,0
UP,2023-10-01,HEAVY MOTOR VEHICLE,0
UP,2023-10-01,HEAVY PASSENGER VEHICLE,0
UP,2023-10-01,LIGHT GOODS VEHICLE,7
UP,2023-10-01,LIGHT MOTOR VEHICLE,502
UP,2023-10-01,LIGHT PASSENGER VEHICLE,6
UP,2023-10-01,MEDIUM GOODS VEHICLE,0
UP,2023-10-01,MEDIUM MOTOR VEHICLE,0
UP,2023-10-01,MEDIUM PASSENGER VEHICLE,0
UP,2023-10-01,OTHER THAN MENTIONED ABOVE,0
UP,2023-10-01,THREE WHEELER (Invalid Carriage),0
UP,2023-10-01,THREE WHEELER(NT),0
UP,2023-10-01,THREE WHEELER(T),2017
UP,2023-10-01,TWO WHEELER (Invalid Carriage),0
UP,2023-10-01,TWO WHEELER(NT),3845
UP,2023-10-01,TWO WHEELER(T),0
UP,2023-11-01,FOUR WHEELER (Invalid Carriage),0
UP,2023-11-01,HEAVY GOODS VEHICLE,0
UP,2023-11-01,HEAVY MOTOR VEHICLE,0
UP,2023-11-01,HEAVY PASSENGER VEHICLE,0
UP,2023-11-01,LIGHT GOODS VEHICLE,4
UP,2023-11-01,LIGHT MOTOR VEHICLE,521
UP,2023-11-01,LIGHT PASSENGER VEHICLE,14
UP,2023-11-01,MEDIUM GOODS VEHICLE,0
UP,2023-11-01,MEDIUM MOTOR VEHICLE,0
UP,2023-11-01,MEDIUM PASSENGER VEHICLE,0
UP,2023-11-01,OTHER THAN MENTIONED ABOVE,0
UP,2023-11-01,THREE WHEELER (Invalid Carriage),0
UP,2023-11-01,THREE WHEELER(NT),0
UP,2023-11-01,THREE WHEELER(T),2024
UP,2023-11-01,TWO WHEELER (Invalid Carriage),0
UP,2023-11-01,TWO WHEELER(NT),5484
UP,2023-11-01,TWO WHEELER(T),0
UP,2023-12-01,FOUR WHEELER (Invalid Carriage),0
UP,2023-12-01,HEAVY GOODS VEHICLE,0
UP,2023-12-01,HEAVY MOTOR VEHICLE,0
UP,2023-12-01,HEAVY PASSENGER VEHICLE,0
UP,2023-12-01,LIGHT GOODS VEHICLE,6
UP,2023-12-01,LIGHT MOTOR VEHICLE,525
UP,2023-12-01,LIGHT PASSENGER VEHICLE,4
UP,2023-12-01,MEDIUM GOODS VEHICLE,0
UP,2023-12-01,MEDIUM MOTOR VEHICLE,0
UP,2023-12-01,MEDIUM PASSENGER VEHICLE,0
UP,2023-12-01,OTHER THAN MENTIONED ABOVE,0
UP,2023-12-01,THREE WHEELER (Invalid Carriage),0
UP,2023-12-01,THREE WHEELER(NT),0
UP,2023-12-01,THREE WHEELER(T),1855
UP,2023-12-01,TWO WHEELER (Invalid Carriage),0
UP,2023-12-01,TWO WHEELER(NT),5569
UP,2023-12-01,TWO WHEELER(T),12
UP,2024-01-01,FOUR WHEELER (Invalid Carriage),0
UP,2024-01-01,HEAVY GOODS VEHICLE,0
UP,2024-01-01,HEAVY MOTOR VEHICLE,0
UP,2024-01-01,HEAVY PASSENGER VEHICLE,0
UP,2024-01-01,LIGHT GOODS VEHICLE,6
UP,2024-01-01,LIGHT MOTOR VEHICLE,461
UP,2024-01-01,LIGHT PASSENGER VEHICLE,3
UP,2024-01-01,MEDIUM GOODS VEHICLE,0
UP,2024-01-01,MEDIUM MOTOR VEHICLE,0
UP,2024-01-01,MEDIUM PASSENGER VEHICLE,0
UP,2024-01-01,OTHER THAN MENTIONED ABOVE,0
UP,2024-01-01,THREE WHEELER (Invalid Carriage),0
UP,2024-01-01,THREE WHEELER(NT),0
UP,2024-01-01,THREE WHEELER(T),1742
UP,2024-01-01,TWO WHEELER (Invalid Carriage),0
UP,2024-01-01,TWO WHEELER(NT),5760
UP,2024-01-01,TWO WHEELER(T),0
UP,2024-02-01,FOUR WHEELER (Invalid Carriage),0
UP,2024-02-01,HEAVY GOODS VEHICLE,0
UP,2024-02-01,HEAVY MOTOR VEHICLE,0
UP,2024-02-01,HEAVY PASSENGER VEHICLE,0
UP,2024-02-01,LIGHT GOODS VEHICLE,10
UP,2024-02-01,LIGHT MOTOR VEHICLE,447
UP,2024-02-01,LIGHT PASSENGER VEHICLE,3
UP,2024-02-01,MEDIUM GOODS VEHICLE,0
UP,2024-02-01,MEDIUM MOTOR VEHICLE,0
UP,2024-02-01,MEDIUM PASSENGER VEHICLE,0
UP,2024-02-01,OTHER THAN MENTIONED ABOVE,0
UP,2024-02-01,THREE WHEELER (Invalid Carriage),0
UP,2024-02-01,THREE WHEELER(NT),0
UP,2024-02-01,THREE WHEELER(T),1651
UP,2024-02-01,TWO WHEELER (Invalid Carriage),0
UP,2024-02-01,TWO WHEELER(NT),6656
UP,2024-02-01,TWO WHEELER(T),0
UP,2024-03-01,FOUR WHEELER (Invalid Carriage),0
UP,2024-03-01,HEAVY GOODS VEHICLE,0
UP,2024-03-01,HEAVY MOTOR VEHICLE,0
UP,2024-03-01,HEAVY PASSENGER VEHICLE,0
UP,2024-03-01,LIGHT GOODS VEHICLE,494
UP,2024-03-01,LIGHT MOTOR VEHICLE,555
UP,2024-03-01,LIGHT PASSENGER VEHICLE,17
UP,2024-03-01,MEDIUM GOODS VEHICLE,0
UP,2024-03-01,MEDIUM MOTOR VEHICLE,0
UP,2024-03-01,MEDIUM PASSENGER VEHICLE,0
UP,2024-03-01,OTHER THAN MENTIONED ABOVE,0
UP,2024-03-01,THREE WHEELER (Invalid Carriage),0
UP,2024-03-01,THREE WHEELER(NT),0
UP,2024-03-01,THREE WHEELER(T),2346
UP,2024-03-01,TWO WHEELER (Invalid Carriage),0
UP,2024-03-01,TWO WHEELER(NT),7959
UP,2024-03-01,TWO WHEELER(T),0
UP,2024-04-01,FOUR WHEELER (Invalid Carriage),0
UP,2024-04-01,HEAVY GOODS VEHICLE,0
UP,2024-04-01,HEAVY MOTOR VEHICLE,0
UP,2024-04-01,HEAVY PASSENGER VEHICLE,0
UP,2024-04-01,LIGHT GOODS VEHICLE,6
UP,2024-04-01,LIGHT MOTOR VEHICLE,683
UP,2024-04-01,LIGHT PASSENGER VEHICLE,0
UP,2024-04-01,MEDIUM GOODS VEHICLE,0
UP,2024-04-01,MEDIUM MOTOR VEHICLE,0
UP,2024-04-01,MEDIUM PASSENGER VEHICLE,0
UP,2024-04-01,OTHER THAN MENTIONED ABOVE,0
UP,2024-04-01,THREE WHEELER (Invalid Carriage),0
UP,2024-04-01,THREE WHEELER(NT),0
UP,2024-04-01,THREE WHEELER(T),1316
UP,2024-04-01,TWO WHEELER (Invalid Carriage),0
UP,2024-04-01,TWO WHEELER(NT),5213
UP,2024-04-01,TWO WHEELER(T),0
UP,2024-05-01,FOUR WHEELER (Invalid Carriage),0
UP,2024-05-01,HEAVY GOODS VEHICLE,10
UP,2024-05-01,HEAVY MOTOR VEHICLE,0
UP,2024-05-01,HEAVY PASSENGER VEHICLE,0
UP,2024-05-01,LIGHT GOODS VEHICLE,5
UP,2024-05-01,LIGHT MOTOR VEHICLE,727
UP,2024-05-01,LIGHT PASSENGER VEHICLE,6
UP,2024-05-01,MEDIUM GOODS VEHICLE,0
UP,2024-05-01,MEDIUM MOTOR VEHICLE,0
UP,2024-05-01,MEDIUM PASSENGER VEHICLE,0
UP,2024-05-01,OTHER THAN MENTIONED ABOVE,0
UP,2024-05-01,THREE WHEELER (Invalid Carriage),0
UP,2024-05-01,THREE WHEELER(NT),0
UP,2024-05-01,THREE WHEELER(T),1681
UP,2024-05-01,TWO WHEELER (Invalid Carriage),0
UP,2024-05-01,TWO WHEELER(NT),5828
UP,2024-05-01,TWO WHEELER(T),0
UP,2024-06-01,FOUR WHEELER (Invalid Carriage),0
UP,2024-06-01,HEAVY GOODS VEHICLE,0
UP,2024-06-01,HEAVY MOTOR VEHICLE,0
UP,2024-06-01,HEAVY PASSENGER VEHICLE,0
UP,2024-06-01,LIGHT GOODS VEHICLE,3
UP,2024-06-01,LIGHT MOTOR VEHICLE,714
UP,2024-06-01,LIGHT PASSENGER VEHICLE,0
UP,2024-06-01,MEDIUM GOODS VEHICLE,0
UP,2024-06-01,MEDIUM MOTOR VEHICLE,0
UP,2024-06-01,MEDIUM PASSENGER VEHICLE,0
UP,2024-06-01,OTHER THAN MENTIONED ABOVE,0
UP,2024-06-01,THREE WHEELER (Invalid Carriage),0
UP,2024-06-01,THREE WHEELER(NT),0
UP,2024-06-01,THREE WHEELER(T),1395
UP,2024-06-01,TWO WHEELER (Invalid Carriage),0
UP,2024-06-01,TWO WHEELER(NT),6301
UP,2024-06-01,TWO WHEELER(T),0
UP,2024-07-01,FOUR WHEELER (Invalid Carriage),0
UP,2024-07-01,HEAVY GOODS VEHICLE,3
UP,2024-07-01,HEAVY MOTOR VEHICLE,0
UP,2024-07-01,HEAVY PASSENGER VEHICLE,0
UP,2024-07-01,LIGHT GOODS VEHICLE,2
UP,2024-07-01,LIGHT MOTOR VEHICLE,1622
UP,2024-07-01,LIGHT PASSENGER VEHICLE,0
UP,2024-07-01,MEDIUM GOODS VEHICLE,0
UP,2024-07-01,MEDIUM MOTOR VEHICLE,0
UP,2024-07-01,MEDIUM PASSENGER VEHICLE,0
UP,2024-07-01,OTHER THAN MENTIONED ABOVE,0
UP,2024-07-01,THREE WHEELER (Invalid Carriage),0
UP,2024-07-01,THREE WHEELER(NT),0
UP,2024-07-01,THREE WHEELER(T),1605
UP,2024-07-01,TWO WHEELER (Invalid Carriage),0
UP,2024-07-01,TWO WHEELER(NT),8392
UP,2024-07-01,TWO WHEELER(T),0
UP,2024-08-01,FOUR WHEELER (Invalid Carriage),0
UP,2024-08-01,HEAVY GOODS VEHICLE,7
UP,2024-08-01,HEAVY MOTOR VEHICLE,0
UP,2024-08-01,HEAVY PASSENGER VEHICLE,0
UP,2024-08-01,LIGHT GOODS VEHICLE,7
UP,2024-08-01,LIGHT MOTOR VEHICLE,1487
UP,2024-08-01,LIGHT PASSENGER VEHICLE,29
UP,2024-08-01,MEDIUM GOODS VEHICLE,0
UP,2024-08-01,MEDIUM MOTOR VEHICLE,0
UP,2024-08-01,MEDIUM PASSENGER VEHICLE,0
UP,2024-08-01,OTHER THAN MENTIONED ABOVE,0
UP,2024-08-01,THREE WHEELER (Invalid Carriage),0
UP,2024-08-01,THREE WHEELER(NT),0
UP,2024-08-01,THREE WHEELER(T),1157
UP,2024-08-01,TWO WHEELER (Invalid Carriage),0
UP,2024-08-01,TWO WHEELER(NT),7431
UP,2024-08-01,TWO WHEELER(T),0
UP,2024-09-01,FOUR WHEELER (Invalid Carriage),0
UP,2024-09-01,HEAVY GOODS VEHICLE,0
UP,2024-09-01,HEAVY MOTOR VEHICLE,0
UP,2024-09-01,HEAVY PASSENGER VEHICLE,0
UP,2024-09-01,LIGHT GOODS VEHICLE,1
UP,2024-09-01,LIGHT MOTOR VEHICLE,1046
UP,2024-09-01,LIGHT PASSENGER VEHICLE,60
UP,2024-09-01,MEDIUM GOODS VEHICLE,0
UP,2024-09-01,MEDIUM MOTOR VEHICLE,0
UP,2024-09-01,MEDIUM PASSENGER VEHICLE,0
UP,2024-09-01,OTHER THAN MENTIONED ABOVE,0
UP,2024-09-01,THREE WHEELER (Invalid Carriage),0
UP,2024-09-01,THREE WHEELER(NT),0
UP,2024-09-01,THREE WHEELER(T),3132
UP,2024-09-01,TWO WHEELER (Invalid Carriage),0
UP,2024-09-01,TWO WHEELER(NT),7027
UP,2024-09-01,TWO WHEELER(T),0
UP,2024-10-01,FOUR WHEELER (Invalid Carriage),0
UP,2024-10-01,HEAVY GOODS VEHICLE,0
UP,2024-10-01,HEAVY MOTOR VEHICLE,0
UP,2024-10-01,HEAVY PASSENGER VEHICLE,11
UP,2024-10-01,LIGHT GOODS VEHICLE,16
UP,2024-10-01,LIGHT MOTOR VEHICLE,2661
UP,2024-10-01,LIGHT PASSENGER VEHICLE,15
UP,2024-10-01,MEDIUM GOODS VEHICLE,0
UP,2024-10-01,MEDIUM MOTOR VEHICLE,0
UP,2024-10-01,MEDIUM PASSENGER VEHICLE,0
UP,2024-10-01,OTHER THAN MENTIONED ABOVE,0
UP,2024-10-01,THREE WHEELER (Invalid Carriage),0
UP,2024-10-01,THREE WHEELER(NT),0
UP,2024-10-01,THREE WHEELER(T),5323
UP,2024-10-01,TWO WHEELER (Invalid Carriage),0
UP,2024-10-01,TWO WHEELER(NT),13456
UP,2024-10-01,TWO WHEELER(T),0
UP,2024-11-01,FOUR WHEELER (Invalid Carriage),0
UP,2024-11-01,HEAVY GOODS VEHICLE,0
UP,2024-11-01,HEAVY MOTOR VEHICLE,0
UP,2024-11-01,HEAVY PASSENGER VEHICLE,0
UP,2024-11-01,LIGHT GOODS VEHICLE,12
UP,2024-11-01,LIGHT MOTOR VEHICLE,1703
UP,2024-11-01,LIGHT PASSENGER VEHICLE,12
UP,2024-11-01,MEDIUM GOODS VEHICLE,0
UP,2024-11-01,MEDIUM MOTOR VEHICLE,0
UP,2024-11-01,MEDIUM PASSENGER VEHICLE,0
UP,2024-11-01,OTHER THAN MENTIONED ABOVE,0
UP,2024-11-01,THREE WHEELER (Invalid Carriage),0
UP,2024-11-01,THREE WHEELER(NT),0
UP,2024-11-01,THREE WHEELER(T),5351
UP,2024-11-01,TWO WHEELER (Invalid Carriage),0
UP,2024-11-01,TWO WHEELER(NT),13513
UP,2024-11-01,TWO WHEELER(T),0
UP,2024-12-01,FOUR WHEELER (Invalid Carriage),0
UP,2024-12-01,HEAVY GOODS VEHICLE,0
UP,2024-12-01,HEAVY MOTOR VEHICLE,0
UP,2024-12-01,HEAVY PASSENGER VEHICLE,6
UP,2024-12-01,LIGHT GOODS VEHICLE,14
UP,2024-12-01,LIGHT MOTOR VEHICLE,1860
UP,2024-12-01,LIGHT PASSENGER VEHICLE,16
UP,2024-12-01,MEDIUM GOODS VEHICLE,0
UP,2024-12-01,MEDIUM MOTOR VEHICLE,0
UP,2024-12-01,MEDIUM PASSENGER VEHICLE,0
UP,2024-12-01,OTHER THAN MENTIONED ABOVE,0
UP,2024-12-01,THREE WHEELER (Invalid Carriage),0
UP,2024-12-01,THREE WHEELER(NT),0
UP,2024-12-01,THREE WHEELER(T),3984
UP,2024-12-01,TWO WHEELER (Invalid Carriage),0
UP,2024-12-01,TWO WHEELER(NT),6936
UP,2024-12-01,TWO WHEELER(T),249
UP,2025-01-01,FOUR WHEELER (Invalid Carriage),1
UP,2025-01-01,HEAVY GOODS VEHICLE,0
UP,2025-01-01,HEAVY MOTOR VEHICLE,0
UP,2025-01-01,HEAVY PASSENGER VEHICLE,0
UP,2025-01-01,LIGHT GOODS VEHICLE,17
UP,2025-01-01,LIGHT MOTOR VEHICLE,2253
UP,2025-01-01,LIGHT PASSENGER VEHICLE,37
UP,2025-01-01,MEDIUM GOODS VEHICLE,0
UP,2025-01-01,MEDIUM MOTOR VEHICLE,0
UP,2025-01-01,MEDIUM PASSENGER VEHICLE,0
UP,2025-01-01,OTHER THAN MENTIONED ABOVE,32
UP,2025-01-01,THREE WHEELER (Invalid Carriage),0
UP,2025-01-01,THREE WHEELER(NT),0
UP,2025-01-01,THREE WHEELER(T),4241
UP,2025-01-01,TWO WHEELER (Invalid Carriage),0
UP,2025-01-01,TWO WHEELER(NT),8867
UP,2025-01-01,TWO WHEELER(T),0
UP,2025-02-01,FOUR WHEELER (Invalid Carriage),0
UP,2025-02-01,HEAVY GOODS VEHICLE,0
UP,2025-02-01,HEAVY MOTOR VEHICLE,0
UP,2025-02-01,HEAVY PASSENGER VEHICLE,0
UP,2025-02-01,LIGHT GOODS VEHICLE,18
UP,2025-02-01,LIGHT MOTOR VEHICLE,1654
UP,2025-02-01,LIGHT PASSENGER VEHICLE,25
UP,2025-02-01,MEDIUM GOODS VEHICLE,0
UP,2025-02-01,MEDIUM MOTOR VEHICLE,0
UP,2025-02-01,MEDIUM PASSENGER VEHICLE,0
UP,2025-02-01,OTHER THAN MENTIONED ABOVE,51
UP,2025-02-01,THREE WHEELER (Invalid Carriage),0
UP,2025-02-01,THREE WHEELER(NT),0
UP,2025-02-01,THREE WHEELER(T),3623
UP,2025-02-01,TWO WHEELER (Invalid Carriage),0
UP,2025-02-01,TWO WHEELER(NT),5968
UP,2025-02-01,TWO WHEELER(T),0
UP,2025-03-01,FOUR WHEELER (Invalid Carriage),0
UP,2025-03-01,HEAVY GOODS VEHICLE,6
UP,2025-03-01,HEAVY MOTOR VEHICLE,0
UP,2025-03-01,HEAVY PASSENGER VEHICLE,0
UP,2025-03-01,LIGHT GOODS VEHICLE,17
UP,2025-03-01,LIGHT MOTOR VEHICLE,1952
UP,2025-03-01,LIGHT PASSENGER VEHICLE,7
UP,2025-03-01,MEDIUM GOODS VEHICLE,0
UP,2025-03-01,MEDIUM MOTOR VEHICLE,0
UP,2025-03-01,MEDIUM PASSENGER VEHICLE,0
UP,2025-03-01,OTHER THAN MENTIONED ABOVE,8
UP,2025-03-01,THREE WHEELER (Invalid Carriage),0
UP,2025-03-01,THREE WHEELER(NT),0
UP,2025-03-01,THREE WHEELER(T),3345
UP,2025-03-01,TWO WHEELER (Invalid Carriage),0
UP,2025-03-01,TWO WHEELER(NT),11445
UP,2025-03-01,TWO WHEELER(T),0
UP,2025-04-01,FOUR WHEELER (Invalid Carriage),1
UP,2025-04-01,HEAVY GOODS VEHICLE,0
UP,2025-04-01,HEAVY MOTOR VEHICLE,0
UP,2025-04-01,HEAVY PASSENGER VEHICLE,0
UP,2025-04-01,LIGHT GOODS VEHICLE,28
UP,2025-04-01,LIGHT MOTOR VEHICLE,2103
UP,2025-04-01,LIGHT PASSENGER VEHICLE,24
UP,2025-04-01,MEDIUM GOODS VEHICLE,0
UP,2025-04-01,MEDIUM MOTOR VEHICLE,0
UP,2025-04-01,MEDIUM PASSENGER VEHICLE,0
UP,2025-04-01,OTHER THAN MENTIONED ABOVE,0
UP,2025-04-01,THREE WHEELER (Invalid Carriage),0
UP,2025-04-01,THREE WHEELER(NT),0
UP,2025-04-01,THREE WHEELER(T),3891
UP,2025-04-01,TWO WHEELER (Invalid Carriage),0
UP,2025-04-01,TWO WHEELER(NT),7899
UP,2025-04-01,TWO WHEELER(T),0
UP,2025-05-01,FOUR WHEELER (Invalid Carriage),0
UP,2025-05-01,HEAVY GOODS VEHICLE,0
UP,2025-05-01,HEAVY MOTOR VEHICLE,0
UP,2025-05-01,HEAVY PASSENGER VEHICLE,1
UP,2025-05-01,LIGHT GOODS VEHICLE,18
UP,2025-05-01,LIGHT MOTOR VEHICLE,2247
UP,2025-05-01,LIGHT PASSENGER VEHICLE,5
UP,2025-05-01,MEDIUM GOODS VEHICLE,0
UP,2025-05-01,MEDIUM MOTOR VEHICLE,0
UP,2025-05-01,MEDIUM PASSENGER VEHICLE,0
UP,2025-05-01,OTHER THAN MENTIONED ABOVE,2
UP,2025-05-01,THREE WHEELER (Invalid Carriage),0
UP,2025-05-01,THREE WHEELER(NT),0
UP,2025-05-01,THREE WHEELER(T),3536
UP,2025-05-01,TWO WHEELER (Invalid Carriage),1
UP,2025-05-01,TWO WHEELER(NT),9528
UP,2025-05-01,TWO WHEELER(T),0
UP,2025-06-01,FOUR WHEELER (Invalid Carriage),0
UP,2025-06-01,HEAVY GOODS VEHICLE,0
UP,2025-06-01,HEAVY MOTOR VEHICLE,0
UP,2025-06-01,HEAVY PASSENGER VEHICLE,0
UP,2025-06-01,LIGHT GOODS VEHICLE,46
UP,2025-06-01,LIGHT MOTOR VEHICLE,2041
UP,2025-06-01,LIGHT PASSENGER VEHICLE,15
UP,2025-06-01,MEDIUM GOODS VEHICLE,0
UP,2025-06-01,MEDIUM MOTOR VEHICLE,0
UP,2025-06-01,MEDIUM PASSENGER VEHICLE,0
UP,2025-06-01,OTHER THAN MENTIONED ABOVE,6
UP,2025-06-01,THREE WHEELER (Invalid Carriage),0
UP,2025-06-01,THREE WHEELER(NT),0
UP,2025-06-01,THREE WHEELER(T),3136
UP,2025-06-01,TWO WHEELER (Invalid Carriage),0
UP,2025-06-01,TWO WHEELER(NT),9781
UP,2025-06-01,TWO WHEELER(T),16
UP,2025-07-01,FOUR WHEELER (Invalid Carriage),0
UP,2025-07-01,HEAVY GOODS VEHICLE,0
UP,2025-07-01,HEAVY MOTOR VEHICLE,0
UP,2025-07-01,HEAVY PASSENGER VEHICLE,0
UP,2025-07-01,LIGHT GOODS VEHICLE,30
UP,2025-07-01,LIGHT MOTOR VEHICLE,2267
UP,2025-07-01,LIGHT PASSENGER VEHICLE,41
UP,2025-07-01,MEDIUM GOODS VEHICLE,0
UP,2025-07-01,MEDIUM MOTOR VEHICLE,0
UP,2025-07-01,MEDIUM PASSENGER VEHICLE,0
UP,2025-07-01,OTHER THAN MENTIONED ABOVE,18
UP,2025-07-01,THREE WHEELER (Invalid Carriage),0
UP,2025-07-01,THREE WHEELER(NT),0
UP,2025-07-01,THREE WHEELER(T),3237
UP,2025-07-01,TWO WHEELER (Invalid Carriage),0
UP,2025-07-01,TWO WHEELER(NT),9928
UP,2025-07-01,TWO WHEELER(T),0
UP,2025-08-01,FOUR WHEELER (Invalid Carriage),0
UP,2025-08-01,HEAVY GOODS VEHICLE,0
UP,2025-08-01,HEAVY MOTOR VEHICLE,0
UP,2025-08-01,HEAVY PASSENGER VEHICLE,0
UP,2025-08-01,LIGHT GOODS VEHICLE,30
UP,2025-08-01,LIGHT MOTOR VEHICLE,2152
UP,2025-08-01,LIGHT PASSENGER VEHICLE,12
UP,2025-08-01,MEDIUM GOODS VEHICLE,0
UP,2025-08-01,MEDIUM MOTOR VEHICLE,0
UP,2025-08-01,MEDIUM PASSENGER VEHICLE,0
UP,2025-08-01,OTHER THAN MENTIONED ABOVE,14
UP,2025-08-01,THREE WHEELER (Invalid Carriage),0
UP,2025-08-01,THREE WHEELER(NT),0
UP,2025-08-01,THREE WHEELER(T),2393
UP,2025-08-01,TWO WHEELER (Invalid Carriage),0
UP,2025-08-01,TWO WHEELER(NT),8594
UP,2025-08-01,TWO WHEELER(T),0
UP,2025-09-01,FOUR WHEELER (Invalid Carriage),1
UP,2025-09-01,HEAVY GOODS VEHICLE,0
UP,2025-09-01,HEAVY MOTOR VEHICLE,0
UP,2025-09-01,HEAVY PASSENGER VEHICLE,4
UP,2025-09-01,LIGHT GOODS VEHICLE,26
UP,2025-09-01,LIGHT MOTOR VEHICLE,2787
UP,2025-09-01,LIGHT PASSENGER VEHICLE,55
UP,2025-09-01,MEDIUM GOODS VEHICLE,0
UP,2025-09-01,MEDIUM MOTOR VEHICLE,0
UP,2025-09-01,MEDIUM PASSENGER VEHICLE,0
UP,2025-09-01,OTHER THAN MENTIONED ABOVE,0
UP,2025-09-01,THREE WHEELER (Invalid Carriage),0
UP,2025-09-01,THREE WHEELER(NT),0
UP,2025-09-01,THREE WHEELER(T),10064
UP,2025-09-01,TWO WHEELER (Invalid Carriage),0
UP,2025-09-01,TWO WHEELER(NT),8018
UP,2025-09-01,TWO WHEELER(T),0
UP,2025-10-01,FOUR WHEELER (Invalid Carriage),0
UP,2025-10-01,HEAVY GOODS VEHICLE,0
UP,2025-10-01,HEAVY MOTOR VEHICLE,0
UP,2025-10-01,HEAVY PASSENGER VEHICLE,0
UP,2025-10-01,LIGHT GOODS VEHICLE,65
UP,2025-10-01,LIGHT MOTOR VEHICLE,4530
UP,2025-10-01,LIGHT PASSENGER VEHICLE,22
UP,2025-10-01,MEDIUM GOODS VEHICLE,0
UP,2025-10-01,MEDIUM MOTOR VEHICLE,0
UP,2025-10-01,MEDIUM PASSENGER VEHICLE,0
UP,2025-10-01,OTHER THAN MENTIONED ABOVE,0
UP,2025-10-01,THREE WHEELER (Invalid Carriage),0
UP,2025-10-01,THREE WHEELER(NT),0
UP,2025-10-01,THREE WHEELER(T),19170
UP,2025-10-01,TWO WHEELER (Invalid Carriage),0
UP,2025-10-01,TWO WHEELER(NT),11226
UP,2025-10-01,TWO WHEELER(T),0
UP,2025-11-01,FOUR WHEELER (Invalid Carriage),0
UP,2025-11-01,HEAVY GOODS VEHICLE,4
UP,2025-11-01,HEAVY MOTOR VEHICLE,0
UP,2025-11-01,HEAVY PASSENGER VEHICLE,0
UP,2025-11-01,LIGHT GOODS VEHICLE,100
UP,2025-11-01,LIGHT MOTOR VEHICLE,1633
UP,2025-11-01,LIGHT PASSENGER VEHICLE,16
UP,2025-11-01,MEDIUM GOODS VEHICLE,0
UP,2025-11-01,MEDIUM MOTOR VEHICLE,0
UP,2025-11-01,MEDIUM PASSENGER VEHICLE,0
UP,2025-11-01,OTHER THAN MENTIONED ABOVE,0
UP,2025-11-01,THREE WHEELER (Invalid Carriage),0
UP,2025-11-01,THREE WHEELER(NT),0
UP,2025-11-01,THREE WHEELER(T),27071
UP,2025-11-01,TWO WHEELER (Invalid Carriage),0
UP,2025-11-01,TWO WHEELER(NT),13404
UP,2025-11-01,TWO WHEELER(T),0
UP,2025-12-01,FOUR WHEELER (Invalid Carriage),2
UP,2025-12-01,HEAVY GOODS VEHICLE,0
UP,2025-12-01,HEAVY MOTOR VEHICLE,0
UP,2025-12-01,HEAVY PASSENGER VEHICLE,6
UP,2025-12-01,LIGHT GOODS VEHICLE,53
UP,2025-12-01,LIGHT MOTOR VEHICLE,1793
UP,2025-12-01,LIGHT PASSENGER VEHICLE,9
UP,2025-12-01,MEDIUM GOODS VEHICLE,0
UP,2025-12-01,MEDIUM MOTOR VEHICLE,0
UP,2025-12-01,MEDIUM PASSENGER VEHICLE,0
UP,2025-12-01,OTHER THAN MENTIONED ABOVE,0
UP,2025-12-01,THREE WHEELER (Invalid Carriage),0
UP,2025-12-01,THREE WHEELER(NT),0
UP,2025-12-01,THREE WHEELER(T),19848
UP,2025-12-01,TWO WHEELER (Invalid Carriage),0
UP,2025-12-01,TWO WHEELER(NT),7450
UP,2025-12-01,TWO WHEELER(T),0
UP,2026-01-01,FOUR WHEELER (Invalid Carriage),0
UP,2026-01-01,HEAVY GOODS VEHICLE,2
UP,2026-01-01,HEAVY MOTOR VEHICLE,0
UP,2026-01-01,HEAVY PASSENGER VEHICLE,6
UP,2026-01-01,LIGHT GOODS VEHICLE,82
UP,2026-01-01,LIGHT MOTOR VEHICLE,2794
UP,2026-01-01,LIGHT PASSENGER VEHICLE,8
UP,2026-01-01,MEDIUM GOODS VEHICLE,0
UP,2026-01-01,MEDIUM MOTOR VEHICLE,0
UP,2026-01-01,MEDIUM PASSENGER VEHICLE,0
UP,2026-01-01,OTHER THAN MENTIONED ABOVE,0
UP,2026-01-01,THREE WHEELER (Invalid Carriage),0
UP,2026-01-01,THREE WHEELER(NT),0
UP,2026-01-01,THREE WHEELER(T),20750
UP,2026-01-01,TWO WHEELER (Invalid Carriage),0
UP,2026-01-01,TWO WHEELER(NT),10303
UP,2026-01-01,TWO WHEELER(T),0
UP,2026-02-01,FOUR WHEELER (Invalid Carriage),0
UP,2026-02-01,HEAVY GOODS VEHICLE,10
UP,2026-02-01,HEAVY MOTOR VEHICLE,0
UP,2026-02-01,HEAVY PASSENGER VEHICLE,4
UP,2026-02-01,LIGHT GOODS VEHICLE,113
UP,2026-02-01,LIGHT MOTOR VEHICLE,1957
UP,2026-02-01,LIGHT PASSENGER VEHICLE,5
UP,2026-02-01,MEDIUM GOODS VEHICLE,0
UP,2026-02-01,MEDIUM MOTOR VEHICLE,0
UP,2026-02-01,MEDIUM PASSENGER VEHICLE,0
UP,2026-02-01,OTHER THAN MENTIONED ABOVE,0
UP,2026-02-01,THREE WHEELER (Invalid Carriage),0
UP,2026-02-01,THREE WHEELER(NT),0
UP,2026-02-01,THREE WHEELER(T),18557
UP,2026-02-01,TWO WHEELER (Invalid Carriage),0
UP,2026-02-01,TWO WHEELER(NT),8311
UP,2026-02-01,TWO WHEELER(T),0
UP,2026-03-01,FOUR WHEELER (Invalid Carriage),0
UP,2026-03-01,HEAVY GOODS VEHICLE,0
UP,2026-03-01,HEAVY MOTOR VEHICLE,0
UP,2026-03-01,HEAVY PASSENGER VEHICLE,0
UP,2026-03-01,LIGHT GOODS VEHICLE,174
UP,2026-03-01,LIGHT MOTOR VEHICLE,2490
UP,2026-03-01,LIGHT PASSENGER VEHICLE,8
UP,2026-03-01,MEDIUM GOODS VEHICLE,0
UP,2026-03-01,MEDIUM MOTOR VEHICLE,0
UP,2026-03-01,MEDIUM PASSENGER VEHICLE,0
UP,2026-03-01,OTHER THAN MENTIONED ABOVE,0
UP,2026-03-01,THREE WHEELER (Invalid Carriage),0
UP,2026-03-01,THREE WHEELER(NT),1
UP,2026-03-01,THREE WHEELER(T),18573
UP,2026-03-01,TWO WHEELER (Invalid Carriage),0
UP,2026-03-01,TWO WHEELER(NT),15491
UP,2026-03-01,TWO WHEELER(T),0
UP,2026-04-01,FOUR WHEELER (Invalid Carriage),1
UP,2026-04-01,HEAVY GOODS VEHICLE,0
UP,2026-04-01,HEAVY MOTOR VEHICLE,0
UP,2026-04-01,HEAVY PASSENGER VEHICLE,0
UP,2026-04-01,LIGHT GOODS VEHICLE,159
UP,2026-04-01,LIGHT MOTOR VEHICLE,2692
UP,2026-04-01,LIGHT PASSENGER VEHICLE,7
UP,2026-04-01,MEDIUM GOODS VEHICLE,0
UP,2026-04-01,MEDIUM MOTOR VEHICLE,0
UP,2026-04-01,MEDIUM PASSENGER VEHICLE,1
UP,2026-04-01,OTHER THAN MENTIONED ABOVE,0
UP,2026-04-01,THREE WHEELER (Invalid Carriage),0
UP,2026-04-01,THREE WHEELER(NT),0
UP,2026-04-01,THREE WHEELER(T),19553
UP,2026-04-01,TWO WHEELER (Invalid Carriage),0
UP,2026-04-01,TWO WHEELER(NT),12049
UP,2026-04-01,TWO WHEELER(T),4
UP,2026-05-01,FOUR WHEELER (Invalid Carriage),2
UP,2026-05-01,HEAVY GOODS VEHICLE,0
UP,2026-05-01,HEAVY MOTOR VEHICLE,0
UP,2026-05-01,HEAVY PASSENGER VEHICLE,0
UP,2026-05-01,LIGHT GOODS VEHICLE,140
UP,2026-05-01,LIGHT MOTOR VEHICLE,2758
UP,2026-05-01,LIGHT PASSENGER VEHICLE,0
UP,2026-05-01,MEDIUM GOODS VEHICLE,0
UP,2026-05-01,MEDIUM MOTOR VEHICLE,0
UP,2026-05-01,MEDIUM PASSENGER VEHICLE,0
UP,2026-05-01,OTHER THAN MENTIONED ABOVE,0
UP,2026-05-01,THREE WHEELER (Invalid Carriage),0
UP,2026-05-01,THREE WHEELER(NT),0
UP,2026-05-01,THREE WHEELER(T),21623
UP,2026-05-01,TWO WHEELER (Invalid Carriage),0
UP,2026-05-01,TWO WHEELER(NT),14824
UP,2026-05-01,TWO WHEELER(T),0
UP,2026-06-01,FOUR WHEELER (Invalid Carriage),0
UP,2026-06-01,HEAVY GOODS VEHICLE,0
UP,2026-06-01,HEAVY MOTOR VEHICLE,0
UP,2026-06-01,HEAVY PASSENGER VEHICLE,22
UP,2026-06-01,LIGHT GOODS VEHICLE,221
UP,2026-06-01,LIGHT MOTOR VEHICLE,2730
UP,2026-06-01,LIGHT PASSENGER VEHICLE,36
UP,2026-06-01,MEDIUM GOODS VEHICLE,0
UP,2026-06-01,MEDIUM MOTOR VEHICLE,0
UP,2026-06-01,MEDIUM PASSENGER VEHICLE,0
UP,2026-06-01,OTHER THAN MENTIONED ABOVE,0
UP,2026-06-01,THREE WHEELER (Invalid Carriage),0
UP,2026-06-01,THREE WHEELER(NT),0
UP,2026-06-01,THREE WHEELER(T),21313
UP,2026-06-01,TWO WHEELER (Invalid Carriage),0
UP,2026-06-01,TWO WHEELER(NT),14539
UP,2026-06-01,TWO WHEELER(T),0
UP,2026-07-01,FOUR WHEELER (Invalid Carriage),1
UP,2026-07-01,HEAVY GOODS VEHICLE,0
UP,2026-07-01,HEAVY MOTOR VEHICLE,0
UP,2026-07-01,HEAVY PASSENGER VEHICLE,0
UP,2026-07-01,LIGHT GOODS VEHICLE,166
UP,2026-07-01,LIGHT MOTOR VEHICLE,2879
UP,2026-07-01,LIGHT PASSENGER VEHICLE,25
UP,2026-07-01,MEDIUM GOODS VEHICLE,0
UP,2026-07-01,MEDIUM MOTOR VEHICLE,0
UP,2026-07-01,MEDIUM PASSENGER VEHICLE,0
UP,2026-07-01,OTHER THAN MENTIONED ABOVE,0
UP,2026-07-01,THREE WHEELER (Invalid Carriage),0
UP,2026-07-01,THREE WHEELER(NT),0
UP,2026-07-01,THREE WHEELER(T),22854
UP,2026-07-01,TWO WHEELER (Invalid Carriage),0
UP,2026-07-01,TWO WHEELER(NT),14958
UP,2026-07-01,TWO WHEELER(T),40
UP,2026-08-01,FOUR WHEELER (Invalid Carriage),0
UP,2026-08-01,HEAVY GOODS VEHICLE,0
UP,2026-08-01,HEAVY MOTOR VEHICLE,0
UP,2026-08-01,HEAVY PASSENGER VEHICLE,6
UP,2026-08-01,LIGHT GOODS VEHICLE,119
UP,2026-08-01,LIGHT MOTOR VEHICLE,2015
UP,2026-08-01,LIGHT PASSENGER VEHICLE,6
UP,2026-08-01,MEDIUM GOODS VEHICLE,0
UP,2026-08-01,MEDIUM MOTOR VEHICLE,0
UP,2026-08-01,MEDIUM PASSENGER VEHICLE,0
UP,2026-08-01,OTHER THAN MENTIONED ABOVE,0
UP,2026-08-01,THREE WHEELER (Invalid Carriage),0
UP,2026-08-01,THREE WHEELER(NT),0
UP,2026-08-01,THREE WHEELER(T),14553
UP,2026-08-01,TWO WHEELER (Invalid Carriage),0
UP,2026-08-01,TWO WHEELER(NT),9970
UP,2026-08-01,TWO WHEELER(T),30
UP,2026-09-01,FOUR WHEELER (Invalid Carriage),0
UP,2026-09-01,HEAVY GOODS VEHICLE,0
UP,2026-09-01,HEAVY MOTOR VEHICLE,0
UP,2026-09-01,HEAVY PASSENGER VEHICLE,0
UP,2026-09-01,LIGHT GOODS VEHICLE,25
UP,2026-09-01,LIGHT MOTOR VEHICLE,257
UP,2026-09-01,LIGHT PASSENGER VEHICLE,1
UP,2026-09-01,MEDIUM GOODS VEHICLE,0
UP,2026-09-01,MEDIUM MOTOR VEHICLE,0
UP,2026-09-01,MEDIUM PASSENGER VEHICLE,0
UP,2026-09-01,OTHER THAN MENTIONED ABOVE,0
UP,2026-09-01,THREE WHEELER (Invalid Carriage),0
UP,2026-09-01,THREE WHEELER(NT),0
UP,2026-09-01,THREE WHEELER(T),1536
UP,2026-09-01,TWO WHEELER (Invalid Carriage),0
UP,2026-09-01,TWO WHEELER(NT),850
UP,2026-09-01,TWO WHEELER(T),0
